"S.No","Source","Reviewer_Name","Date","Star_Rating","Review_Text","Helpful_Count"
"1","Google Play Store","Rana Kar","3 August 2026","1","Not recommended. It doesn't have any curriculum or commitment. They only sell number of classes. They would cover a simple topic in 8 to 10 classes which can be done in 1 to 2 classes. And once you realize that, question it and refuse to renew another set of 30 or 45 classes they would stop the kid attending the existing classes. Their academic council or support are not reachable for any support and their sales team proactively disturbs you calling even if you ask them not to do so.","2"
"2","Google Play Store","Rekha Nagaraj","12 August 2026","1","We had to cancel our program subscription owing to certain unforeseen circumstance. Our cancellation request was kept hanging for months and now the team is giving us tough time and not processing our refund request despite the requirements of refund policy being met. Totally feeling helpless.","1"
"3","Google Play Store","Kulwant Singh","27 June 2026","1","first they will call you and persuade you in whatever way to attend free class. after that they start pressurising you like recovery agents to buy their course. ""then why did you attend the class today"" they said to me when I refused to buy their course, we attended free class on their request only.","10"
"4","Google Play Store","Naysha singh","23 April 2026","1","My experience with the Bhanzu app has been very disappointing. The classes are irregular and often get cancelled without prior notice. Sometimes, teachers are on leave, which disrupts continuity. There is no proper way to communicate directly with the teacher, and customer care is usually unaware of class cancellations. The teaching method is also not effective, as it includes unnecessarily complicated calculations that confuse young students instead of helping them understand concepts clearly.","8"
"5","Google Play Store","Shahida Sayyed","20 August 2023","1","Ever since the app is installed (precisely past 1 week), nothing on the app works. Error shows as ""something went wrong"" whenever I access anything on the app. There is no way to request a call back from Relationship Manager or raise an issue from the app. Very disappointing experience as a parent!","41"
"6","Google Play Store","Soni Singh","31 January 2024","1","This app has the worst experience that I have used till now as the time of joining after you attend their demo session but after that when they get access of your mobile number they will you 100 times to take the subscription they will call you many times to take the subscription and bother you and they assure you also that they will refund your money if you didn't likes the class but in some conditions I have fullfilled both the conditions but they are not ready to refund my money. So bad...","21"
"7","Google Play Store","Mona Rajendran","26 May 2023","1","App is fine, not good though. For I am frustrated with the login procedure. It doesn't work! No matter how hard I try, A loading icon is slapped onto my screen every time! Please fix this problem with your database. After trying ten times, It didn't work!","38"
"8","Google Play Store","ViveK","12 June 2026","1","worst app and institute for kids to learn. Totally commercial, don't care if the kid is understanding or not. Teacher is changed in the middle of the course. and teacher is only interested in finishing her session for the day","4"
"9","Google Play Store","Bhawna kumari","12 March 2026","1","The interface they had was very poor and inconvenient to use. The screen was extremely small, which made it difficult to view the information clearly.The digits and text displayed were also very small, and even after zooming in they were not properly visible. This created a lot of difficulty while reading or understanding the content.Classes are not conducted regularly,which creates difficulty in maintaining continuity in studies. The teacher is often on leave, due to which manyclassesgetcancel","13"
"10","Google Play Store","bhavna jain","24 December 2024","1","It is the worst course you will ever want to join your kids, worst customer support and they are only there to loot your money...ver very bad and worst. We enrolled our kid and my kid is not showing interest so we asked that we will drop and asked for refund but there is no response from anyone and though my kid is not attending classes still the amount is getting deducted. It is bunch of idiots running this course. My sincere request please don't join your kid bcoz there is no proper system.","23"
"11","Google Play Store","Deepthi Samuel","11 September 2024","1","It is the worst course you will ever want to join your kids, worst customer support and they are only there to loot your money...ver very bad and worst. We enrolled our kid and my kid is not showing interest so we asked that we will drop and asked for refund but there is no response from anyone and though my kid is not attending classes still the amount is getting deducted. It is bunch of idiots running this course. My sincere request please don't join your kid bcoz there is no proper system.","18"
"12","Google Play Store","hamshi","27 April 2025","1","I enrolled my child in Bhanzu’s online math class but had a very bad experience. Even though we attended only 2.5 months, they asked me to pay half the full course fee (for 18 months). I even offered to let them keep the 6 months' payment I already made as a security deposit, but they refused. Now they are not even responding to my emails. Very disappointed with their unfair policies and poor support","17"
"13","Google Play Store","MOHAMMED IDHRIS","29 May 2026","1","Bhanzu is another Byzu. Initially it will trap parents to subscribe to the course. If we have concern in the course they will not respond or give lame responses to extend the time. Initially they speak like they will support throughout the course but they will not. They will give all the promises but they will not achieve anything.","16"
"14","Google Play Store","Divya Karamcheti","10 June 2026","1","doesn't work with new user. no place to sign up. neither logging with other email ids work with this app. please update to be able to reach people and to be accessed by then","2"
"15","Google Play Store","Santhi Battula","2 September 2025","1","I had enrolled my daughter in Bhanzu with the hope of improving her math skills. When I requested to cancel the subscription due to her hectic school schedule, instead of acting on the cancellation, the team simply paused classes and kept delaying the process. Despite multiple follow-ups, my requests for cancellation and refund have been ignored with unnecessary delays and no accountability. This shows a serious lack of profession","19"
"16","Google Play Store","Mathew Varghese","22 June 2023","1","Overall the after service is not very bad , it is difficult to reach out to support team and class are cancelled without notification and I have writing email to support team but no response almost 2 months have passed.","31"
"17","Google Play Store","Seema Abhilash","12 December 2024","1","Would never recommend to Join Bhanzu, you don't have choice to stop the class if you are not satisfied or any genuine reason of discontinuation, they would not stop auto deduction of fees from your credit card until 3 months they want to collect that money anyhow. Highly disappointed and disgusting attitude and they never give you direct contacts only through emails you can contact, such an untrustworthy organisation. Everytime they call from a random unknown number on which you cannot call back","8"
"18","Google Play Store","Prakhar Chaudhary","21 September 2023","1","This is very boxus site...I was not satisfied with the teaching and I want to withdraw. At the time of enrollment of students they call u so many times. Once the have taken fees and have started EMI no one listen .I want to withdraw from classes yet no response...EMI keeps deducting fromm credit card. Though I have told their teami want to withdraw. They say u will receive call from other department but no call comes","33"
"19","Google Play Store","VINOD KUMAR SINGH","14 November 2024","1","I have availed one subscription for my child but I am not satisfied and when I am contacting them for the cancellation of subscription no one can entertains me . Every week their teachers are changed and study is not upto mark. At the time of giving subscription they start calling from 8 A.M of Morning but for cancellation no one can ready to took responsibility for the same and they arrange my loan facility from varthana facility whose emi was also deducted from.my account.. very poor services","17"
"20","Google Play Store","Mrs Singh","7 January 2026","1","pathetic customer service, they send a push message that class is started but after waiting long time after sending thousands messages to support app , they gave a ticket number and asked to wait as any live agent will attend the chat in 15 20 min, of course, why not, if I am not able to join class now I will get resolution after 20 min. and then I don't know but they always said due to technical issues traini could not create class. I mean what but earlier you sent a message that class is start","14"
"21","Google Play Store","Trupti Devdhe","10 June 2023","1","As far as me bhanzus mathematics talent he is unique but the wat he is trying reach student what ever apps etc are created they are not student parent friendly one has to always struggle while using the app and one who is not technosavy for him it's a nightmare..","19"
"22","Google Play Store","venkat konda","17 November 2025","1","I enrolled my children, in Bhanzu’s Math Wizard Course. After attending only eight Math classes, they found it difficult to follow the sessions. I initiated multiple refund requests on August 4, 9, 18, and September 9, 2025, but only received automated responses and follow-ups from representatives who could not resolve the issue. No effective action was taken. On September 18, 2025, I sent another email requesting that all future communication be conducted via email, but I did not receive refund","13"
"23","Google Play Store","Shital Chobhe","17 July 2025","1","Absolutely Disgusted and Cheated by Bhanzu! Despite multiple follow-ups, they have not refunded my fees! They collected the entire amount upfront with false promises made right at the beginning of the session. They clearly stated that the amount will be refunded anytime we choose to discontinue.This entire experience has been mentally exhausting and a total scam. I strongly warn others— do NOT enroll in this . It's full of fake promises, poor service, and absolutely zero ethics .","9"
"24","Google Play Store","Narendra Kumar Pankaj","17 April 2023","1","Disappointed 😞! I m trying to connect for 2 weeks , via app and also via the teacher but no one is connecting back. I receive mails for raising complaint and after few days I receive mail of resolution. Kindly refund the amount.","24"
"25","Google Play Store","Aruna Mathur","1 September 2023","1","Do not trust their promises. They'll not return ur money easily. I'm begging for my own money for ladt two months. Plz suggest how shall i get it. Please stay aware its total scam... Zero customer support, no attention at individual child, plz observe the classes of ur child for at least few weeks. no response despite writing mails and many calls, so I have withdrawn and now they are not refunding the fees, its been two months now. No recomended at all better go for other such online courses.","21"
"26","Google Play Store","Ekta Soni","9 April 2024","1","They are simply robbing you of your hard earn money. They are basically very talented fraud. Doesn't even provide refund even after 15-20 calls. They just pass on your calls to other people and this goes on loop.","14"
"27","Google Play Store","CHITRA ANU NIGAM","14 October 2023","1","No information provided by Bhanzu after login would request all of you never to trust on bhanzu. I didn't get any response from this app and the team regarding the classes booked.They were full as soon as I did the payment and they did not tell about it even 1 min before.They were not refunding the amount.","15"
"28","Google Play Store","t chandu","29 April 2025","1","Absolutely terrible. They refuse to refund your money and insist that you attend 20 classes before even considering it. That policy is absurd—if a parent decides the class isn’t suitable for their child, there's no reason to waste time attending 20 sessions. This feels like a tactic to avoid refunds altogether","4"
"29","Google Play Store","Rimjhim Singh","29 November 2023","1","Extremely poor experience with the counsellor. Upon booking the demo the teacher was good but the admission counsellor being told politely that I don't want to continue with then. She kept calling messaging me with different numbers. When I was not willing to talk she started messaging me and harassing me constantly calling me unprofessional and what not. I guess Bhanzu should take care of the training need of their employee. With attitude not self respecting parent will ever enroll with Bhanzu","8"
"30","Google Play Store","akshat saxena","9 April 2023","1","This is a pathetic company. I have made 100% payment, but there is no one to reach out to. It's been over a month I am struggling.. please do not waste your money. No one calls back from their customer support team. Sadly I have to put this comment","26"
"31","Google Play Store","srk singh","20 March 2025","1","very bad & fraud education app. After demo class team reached very fast & start manupulating and advise you to join classes so on so... about education.After enrollment any when if you want to cancel courses then response is zero & teach you many policies.After 20 classes and pending work completed my money is not refunded.now he is saying tha upload 49 worksheet that means more than 200 page pic &pdf upload them refund and very bad response by team Don't buy it Jai hind","8"
"32","Google Play Store","krishna bharti","27 June 2023","1","The service is so so so bad, after repeatedly telling them I am not interested, they still spam messages and calls, no one should use this app not recommended, these people are not interested in teaching, infact they are after money and don't care about the consumers, I wish Google allowed 0 stars review 😞","13"
"33","Google Play Store","dilpreet kaur","19 April 2023","1","Worst experience. Initially they call u almost daily. But when u have some issues and complaints. They dont reply ur mails, calls or wats app. Pathetic experience and pathetic app.","20"
"34","Google Play Store","N P","14 February 2026","1","Very ridiculous customer service. Forget about getting refund from these thieves. Teachers were falling asleep during class as it was too early in the day (5am) in India for class schedule. I would give them below 1 star if I can.","12"
"35","Google Play Store","Rupali Gour","26 May 2024","1","very bad, children are getting pressurized and they do not even bother what's happening after after class. I request you not to waste money bcz they don't teach anything and teach useless bakwas thing which are not at all useful. worst study course ever seen","23"
"36","Google Play Store","Jiyas Jamaludeen Lebba","13 September 2025","1","*1/5 stars* ""Unfortunately, my experience with the Bhanzhu has been disappointing. If the child is not able to follow their classes they will not give refund at any cost. at the time of enrolment the marketing team will tell whole lot of thing and their refund policy. but not a trustworthy firm.","8"
"37","Google Play Store","Thunder 19","17 June 2024","1","This app is totally a scam. First they ask a large amount of money for batch. The facility was very annoying and stupid.","13"
"38","Google Play Store","Naresh","4 November 2025","1","I didn’t get even a single class after payment. The Bhanzu team kept delaying without giving any proper response. Very unprofessional and disappointing experience.","9"
"39","Google Play Store","Chirag Patel","1 December 2025","1","Not a useful at all. you cant contact team team is unprofessional to resolve your issue. dont waste time of yours and your child.","8"
"40","Google Play Store","Ramya Sasanapuri","3 November 2024","1","it's worst few teachers are not even teaching properly if we tell the right they are telling it as wrong worst customer care takes at least 2 to 3 hours to contact with them waste of money and time .","2"
"41","Google Play Store","Balba Thanaji","16 July 2026","1","not for guidance following LED","0"
"42","Google Play Store","Dima Darwish","18 April 2025","1","hi. I need confirmation, I have been texting on WhatsApp since April 8, I requested a different date for kady, Tuesday and Wednesday, not Sunday and Wednesday. also, what I agreed on was individual lesson, not a group, for both my children, and the first class for each we were ultra surprised that it was group. please amend this. the agent has been communicating with me, but no result or answer from the official Whatsapp number until now","2"
"43","Google Play Store","k.kamala Puli","22 June 2026","1","it's not working properly","0"
"44","Google Play Store","Mohit Shringi","5 May 2025","1","App made for money grubbing from children's parents. Not useful, very trivial learning is taught.","0"
"45","Google Play Store","Sera Bella","31 May 2023","1","Confusing app with too many segments and very bad interface nothing is working properly ,everytime when i open the app i am facing new problems, very frustrating 😑","18"
"46","Google Play Store","Muneeb Shah","21 January 2023","1","Hi Bhanzu Tech Team ...Can you please help me with login on application despite having logged on the website and correct login credentials... Kindly respond immediately","8"
"47","Google Play Store","Amith Soman","13 November 2025","1","Please don't waste your money. This is a scam. One month after enrolling, they started a batch, and teachers didn't join the class. Then they changed the teacher after one week. Then a random teacher came, and they didn't even have proper internet, headphones, or a mic. I will complain to the school that does affiliate marketing for them and to complaint in KHDA.","6"
"48","Google Play Store","VIKRAM SISODIYA","17 October 2025","1","A sincere request to all parents don't enroll with this company. Your kid and you'll be on a worst situation. They ll take sign and approval on documents then will force you to continue the classes even after bad teaching and the worst management they have. We enrolled our daughter and now they refused to cancel and their payment partners are calling us multiple time in a day and none of the company employee is responding. I have some proof that I can't upload here don't go for this company.","7"
"49","Google Play Store","Sindhu priya Anne","25 May 2026","1","please don't join this Bhanzu, a fraud company before they use to say sweet words once you join, and they'll show you there actual faces , due some issues my son went back to India from Australia he attend 8 classes when I am joining at that time they told me regarding there refund policy, if the child didn't like the class or any reason they will charge whatever the child attend and remaining class they told they will refund us but since 2 weeks we are calling keep on calling them for refu","0"
"50","Google Play Store","bharathi dhasan","15 April 2026","1","I had a terrible experience with Bhanzu. They are very friendly when selling the subscription, but the service afterwards is a nightmare. We’ve had constant changes in tutors and relationship managers. Most shockingly, I’ve had to raise concerns about a tutor actually sleeping during a live class. It is completely unprofessional and unsafe. On top of the poor teaching, their support team is dishonest. Stay away. This is not the quality education they promise.","1"
"51","Google Play Store","rajiv kumar singh","29 January 2023","1","Hey Bhanzu tech team There is a problem in log in. I tried many email id but it is not working.","15"
"52","Google Play Store","narasimha raju","4 March 2024","1","It's a worst experience with bhanzu classes, waste of money, after classes they never bother about how student performing, totally waste of hard earned money.just by show casing 1 person Bhanu talent they are looting money","6"
"53","Google Play Store","Kanika Rawat","12 December 2025","1","plz don't buy their courses . 1\. they don't teach well 2\. they commit to refund your money after 10 class they don't 3\. their academic counselor don't pick up phone . customer care keep saying we will contact you in 24 hrs no one does . plz connect bhanzhu I am taking classes for Manasvi plz refund","5"
"54","Google Play Store","Erina Mukadam","5 May 2023","1","I sent a message on WhatsApp to Bhanzu but no response the time of my demo class was 4:00 pm but they told to join 10 mins before l joined at 3:50 but now it's 4:10 still the meeting is not started very bad Bhanzu waiting from 20 mins 😢☹️😞","5"
"55","Google Play Store","Akshatha L N","30 July 2025","1","Very bad experience My 8-year-old son was enrolled in a math wizard class that I opted for. The initial 20 to 25 sessions of the class were successful. The teachers are changed stating that the last one is leaving. In the past 25 classes, the new teacher has arrived at 6 pm, takes 10 minutes to settle down, goes off camera very frequently due to kids crying or someone talking continuously in the background, and goes to the office for azaan in the middle of the 1-hour session. The class gets","5"
"56","Google Play Store","Kapil Ahire","13 October 2025","1","I am taking a followup with the Bhanzu team since last 1 month 8th of September, I am calling every day for my update but still there is no response from Farzana mam, someone please help me how I can get the proper help 🙏","5"
"57","Google Play Store","Manoj Kumar Singh","22 February 2026","1","The classes are artificial with no real interaction. It's a kind of scam where they will promise many with money back guaranteee on cancellation but on cancellation no one will respond. Each time a person will call ask some question and will they will come back and no come back. Govt should take action and mandate to have actual grievance system. I am looking to initiate a consumer forum complaint.","3"
"58","Google Play Store","Vineet Jaiswal","4 July 2023","1","Login difficulty in each time I want to login","3"
"59","Google Play Store","Shehreyar Khan","8 December 2024","1","It stays 1 star until I get to talk to one of your customer service agents.","2"
"60","Google Play Store","Dharmesh Patel","17 May 2026","1","Bhanziu is worst class ever I bought. Don't waste hard earned money. There teacher are not even capable. By giving demo classes they will fool the parents. Their teacher are not trained properly. I will rate zero. And whatever yo u do, they will not refund the money.","1"
"61","Google Play Store","Shashank Visweswara","8 March 2026","1","A Predatory, Emotionally Abusive Scam of a Company. Avoid this fraudulent company at all costs. Their sales team lied about the cancellation policy, and the assigned teacher didn't know how to teach nor communicate, and didn't even complete the curriculum for the basic course. Customer support ignored our pleas for help, failed to deliver the promised curriculum, and is now illegally withholding our money after we canceled.","2"
"62","Google Play Store","Abhinav Singh","15 September 2023","1","So bad app And your app well not open Give my loss data","5"
"63","Google Play Store","Vaunted Paragon","3 December 2023","1","I hate your stupid ad please replace it with something else I installed this app just to post this review","4"
"64","Google Play Store","Muhammad Mustafa Muhammad","13 March 2026","1","A big scam. they teach students some random techniques that wont even help in school! DO NOT MAKE YOUR CHILD BE IN THESE STUPID CLASSES","2"
"65","Google Play Store","NIRMAL KUMAR","30 January 2026","1","worst course , don't waste your time and money in this app,","1"
"66","Google Play Store","Tanveer Ahmed","8 August 2023","1","This company is a SCAM .. the app is no good . The information given are misleading.. I am still struggling with my refund.. Deepak Bhakar, Tanzin, Chetan Kumar Singh, Priyadarshini and the sales manager RITKI all are misleading..","5"
"67","Google Play Store","sheetal sharma","18 December 2023","1","Mr bhanzu , you can’t take alone bhanzu institute on height, your team shall be responsive and teachers should understand responsibility","3"
"68","Google Play Store","Santosh Reddy Varakantham","25 May 2025","1","this is one of the worst online center who trap the customer and provide all FALSE information and squeeze money. even when we want to quit they don't even process and continue to collect the money. this is a FRAUD COMPANY by mistake also DONT JOIN AND BURN YOUR HANDS","0"
"69","Google Play Store","Priya narayanan","1 July 2023","1","Worst classes conducted by the team","2"
"70","Google Play Store","Navadeep MK","8 June 2024","1","It so irritating it keeps saying email not found","1"
"71","Google Play Store","Katariya Harita","9 March 2024","1","Is a disgusting classes s it too fraud take money from us and do many calls don't enroll to this classes in classes the teachers are teaching so hard my sister is in Sr kg and they started teaching hundreds place value and so so so many money that our father earns they take it they are like donkey and pagal","2"
"72","Google Play Store","Paryag Yadav","19 July 2024","1","Very big fraud app my request all of you don't trust this app .Ye aapko refund nhi krte apne rule batate rahte h aapki situation bilkul nhi samjhte.So please don't trust them.","2"
"73","Google Play Store","Prem Bati","26 March 2023","1","I am having problems with login","8"
"74","Google Play Store","Nabil","30 January 2024","1","I don't like the class I go Thursdays.","2"
"75","Google Play Store","Gyr Hvdv","15 January 2023","1","Sir their is a problem when I log in","10"
"76","Google Play Store","Asma Siddiqua","16 June 2023","1","Fraud website.... Plz do not believe on them....... No professional behaviour at all","4"
"77","Google Play Store","Praveen p","5 February 2024","1","No refund since many days.","3"
"78","Google Play Store","SG","3 June 2024","1","Do not believe this organisation (Bhanzu) you will regret if enrolled the child hear","1"
"79","Google Play Store","ikram afsha","6 September 2023","1","Not st all downloading","3"
"80","Google Play Store","Pallvi Mahajan","28 February 2025","1","Bakwaas classes...... They make money by make fool of ohers","0"
"81","Google Play Store","Satya graphix Bhilai","18 October 2023","1","Poor standard of teachers","2"
"82","Google Play Store","Sundri Kumari","17 September 2023","1","🖕🖕🖕🖕🖕🖕🖕🖕🖕🖕🖕🖕🖕🍷 not this is a dirty app I am this app owner's daughter's husband","3"
"83","Google Play Store","Meera Chakravarti","30 July 2023","1","So bad I am frustrated to login this app","7"
"84","Google Play Store","Aryaman S Kumar","4 April 2023","1","i m having problem with login","9"
"85","Google Play Store","Karumudi Bhagathsingareddy","9 May 2023","1","Customer care not responding","3"
"86","Google Play Store","Rajesh Kumar K","12 February 2024","1","Worst... Really I am very sad joing my daughter for grade 6....i lost 40k....dont go with bhanzu","2"
"87","Google Play Store","chrif el amraoui","22 March 2026","1","horrible experience AVOID this company. Weast of money and time","0"
"88","Google Play Store","Neelima","25 August 2025","1","Bhanzu is a scam – they cheat with fake promises of refund. Don’t waste your money.","0"
"89","Google Play Store","Rishu Kumari","20 September 2023","1","Very bad app 👎👎👎👎👎👎","2"
"90","Google Play Store","Mohammad Akhtar","13 June 2025","1","I don't like","0"
"91","Google Play Store","Meenu Singh","20 December 2023","1","Fraud bhanzu people....all fake.... fraud 🤥","4"
"92","Google Play Store","Pravati Pradhan","1 April 2025","1","Bunch of crooks","0"
"93","Google Play Store","Swati Avinash Singh","7 July 2026","1","bad","0"
"94","Google Play Store","Payal Soni","1 September 2025","1","not open","0"
"95","Google Play Store","The Quran Guide to Life","4 August 2025","1","ewwww","0"
"96","Google Play Store","Nishu Kumari","24 September 2023","1","Bad app","1"
"97","Google Play Store","Anitha Ani","4 August 2023","1","Very bad","1"
"98","Google Play Store","sudhakar ketha","28 May 2023","1","Very slow","1"
"99","Google Play Store","Anvita","25 May 2023","1","Bad to me","3"
"100","Google Play Store","Anjali Sureka","26 August 2026","1","full fraud company Hai ek bar Paisa De diye to aap ise Le nahin sakte. main 6 mahine se try kar raha hun inhone kaha tha ki aap bich mein class band karenge to main paise wapas kar dunga lekin 6 mahine mein ek bar mujhe ek rupya nahin diya. 6 mahine Se mujhe 48 ghante ka time le rahe hain. ab to Main consumer form mein jaane wala hun. kyunki mere Jaise Kai log Hain jinko inhone fansaya hai Aisa review mein Maine padha hai","0"
"101","Google Play Store","Prakhar Verma","19 June 2026","1","ekdum bakwas gathiya pahle to demo class mein padhate nahin hain fir kahte hain enroll karo course fir poori saal time waste karte hain","0"
"102","Google Play Store","Mohammed Saleh","8 July 2025","1","No one will believe in their advertisement, there is no resemblance to their ads and works, the number one is the fold, the proof of which I myself and my children, all the money is money,bad 👎 bad 👎 bad 👎👎👎👎👎👎👎👎 vary vary bad","0"
"103","Google Play Store","KALPESH SIR","22 August 2026","1","login hi nahi ho raha","0"
"104","Google Play Store","Kautilya Kumar","2 December 2023","1","pagali","2"
"105","Google Play Store","Rajendra Akubattin","5 July 2026","2","Very bad background they do my classes in 7:00 to 8:00 and my 1 hour gets delayed I wanted watch Taraak metha ka Ollota chasma if they fix it them I will change the review to 5 or 6 star don’t know how will it be possible to be 6 stars in the App Store and Google play store I’m in a iPhone but in my class I got the best trainer see doesn’t sleep or care to the class to get over and please don’t enroll in Bhanzu because they just do me lr-subtraction and it doesn’t work the Bhanzu way in my schoo","1"
"106","Google Play Store","Ruby Abdulsattar","5 May 2025","2","it keeps logging out. crashes at times. I can only look at the progress of my child and not his ongoing classes. no working link for the student dashboard in the app itself, so I cannot use it with my child to do some quizzes","4"
"107","Google Play Store","pars parfum","16 May 2024","2","They don't give refund easily and give stupid reasons to not refund . Very bad think 20 times before joining","5"
"108","Google Play Store","Gurpreet Kaur","4 April 2026","2","Waste of money","0"
"109","Google Play Store","Rashid Bashir","3 May 2025","3","login error user registration not done. although I have registered and classes are on going","2"
"110","Google Play Store","magimainathan magimai","27 March 2024","3","Ok","3"
"111","Google Play Store","Rashid Bashir","3 May 2025","4","login error user registration not done. although I have registered and classes are on going","2"
"112","Google Play Store","magimainathan magimai","27 March 2024","4","Ok","3"
"113","Google Play Store","Madhurima Bose","29 June 2026","5","Our experience with Bhanzu has been very positive. The teachers explain mathematical concepts in a simple and engaging way, making learning enjoyable for my child. I have noticed a significant improvement in confidence, logical thinking, and problem-solving skills. The classes are interactive, and the teachers are patient and supportive. The Parent App also makes it easy to track progress and stay updated. Thank you, Bhanzu","5"
"114","Google Play Store","Ankith Pawal Kujur","6 July 2026","5","A wonderful app for anyone looking to improve their math skills. The personalized practice and easy-to-understand lessons make a real difference.","4"
"115","Google Play Store","Akki Kumar","23 April 2026","5","the app is quite easy to use. my child can join classes and access lessons without any confusion. the interface is simple, which makes it easier for kids to navigate on their own.","6"
"116","Google Play Store","Ayushi Mukherjee","17 August 2026","5","app is very convenient","0"
"117","Google Play Store","Ben S Mathew","24 May 2024","5","This is such a good app. It was very easy for me to sign in and any of my queries were completely solved through this app. Happy with Bhanzu parent app.","37"
"118","Google Play Store","Guru darshan","26 May 2024","5","The parents app is a very useful for the parents to refer the student performance and to keep track of the ongoing modules, and also the in app AI is a great addition to which helps you in resolving basic issues.","17"
"119","Google Play Store","Prathima Gattu","12 September 2025","5","It's very nice and for my child it is easy to understand and heis very fast in calculation.","5"
"120","Google Play Store","Ajay Singh","24 March 2025","5","This is a very useful app especially for kids enrolled in Bhanzu classes .","7"
"121","Google Play Store","Ayush","24 May 2024","5","This app has greatly helped me in staying in touch and updated with with the progress of my child","13"
"122","Google Play Store","saadhan sathwik","30 July 2023","5","This is very good and nice experience in 10 second i can do it 2 and 3 digit sums and 3 rows and 2 rows","6"
"123","Google Play Store","A Google user","15 July 2026","5","its realy a good app","0"
"124","Google Play Store","Tejashwini Prakash","28 May 2024","5","Amazing app, my child loves the classes","0"
"125","Google Play Store","Akanksha singh","28 May 2024","5","Really good platform for Math","0"
"126","Google Play Store","Manjula Ramesh","13 August 2026","5","Amazing platform for parents to view their kid progress 👍","0"
"127","Google Play Store","Sneha Ramesh","10 August 2026","5","It has been an amazing experience using this app brainstroming and very usefull app","0"
"128","Google Play Store","shruthi shetty","26 May 2024","5","It's been wonderful experience enrolling with Bhanzu,the teaching mathod is very innovative","4"
"129","Google Play Store","Zareen Afridi","24 May 2024","5","Love the app, its very useful!","1"
"130","Google Play Store","Haritha Bairaju","28 January 2026","5","The journey with BHANZU was incredible!!!","1"
"131","Google Play Store","Luxmi sharma","11 August 2026","5","this app makes us satisfied about our ward's performance.","0"
"132","Google Play Store","Kevin","27 May 2024","5","The app is so nice and very helpful","0"
"133","Google Play Store","Vijayalalitha Vijaya","20 March 2025","5","good super teaching","0"
"134","Google Play Store","Pintu Sawarkar","16 September 2023","5","Best teacher in world 🧑🏻‍🏫👍👍👍👍👍👍👍👍👍👍","1"
"135","Google Play Store","Liiteo","24 May 2024","5","Very good experience.","0"
"136","Google Play Store","Rohith P","23 December 2023","5","Very good app","2"
"137","Google Play Store","pratap Kashyap","19 November 2024","5","Good very good","0"
"138","Google Play Store","Anita Yadav","14 February 2023","5","So nice app","3"
"139","Google Play Store","Nirmal Das","2 September 2026","5","Great app. has been seeing a lot of improving on the app","0"
"140","Google Play Store","STAHSEEn T","22 February 2025","5","Good","0"
"141","Google Play Store","bhhavin arora","26 May 2024","5","This app is just wonderful, has helped me to keep tabs on my kids progress the entire time.","0"
"142","Google Play Store","Tarun Sreekumar","24 May 2024","5","Bhanzu helped my nephew overcome his math phobia, highly recommended the courses","0"
"143","Google Play Store","Chander Shekhar","27 May 2024","5","My kids marks improved after installing this app.","0"
"144","Google Play Store","Ashvini Pradeep","27 May 2024","5","Best thing i have ever come across","0"
"145","Google Play Store","Anusha Advekar","27 May 2024","5","This app has been of great help.","0"
"146","Google Play Store","Pragati Maiti","24 May 2024","5","Great initiative 👍","0"
"147","Google Play Store","Sajil Sachu","27 May 2024","5","Great user experience","0"
"148","Google Play Store","Krishna Soni","27 May 2024","5","Awesome!","0"
"149","Google Play Store","Krishnapriya Ganesh","28 May 2024","5","Best platform","0"
"150","Google Play Store","Uday","28 May 2024","5","Helpful App","0"
"151","Google Play Store","rohit biswas","28 May 2024","5","Very useful","0"
"152","Google Play Store","THIRUPATHI MARRIPELLY","14 September 2023","5","Good sir","0"
"153","Google Play Store","Lakki Kiran","13 July 2023","5","Super","0"
"154","Google Play Store","Harleen Kaur","27 May 2024","5","I am really satisfied with the Bhanzu sessions. The teachers are well educated and make sure that the child understands well. The relationship manager also ensures that all the concerns are well addressed.","0"
"155","Google Play Store","Nanda Gopala Krishna Peram","23 May 2024","5","Thanks to Bhanzu.... my child is great at maths now","0"
"156","Google Play Store","Jacob Anil","28 May 2024","5","A very helpful and useful app","0"
"157","Google Play Store","Lalitkumar Dandawate","4 March 2023","5","V good","1"
"158","Google Play Store","Pranita Abuj","8 July 2023","5","Nice app","0"
"159","Google Play Store","Phanikumar Bathula","27 May 2024","5","I love this app","0"
"160","Google Play Store","Mohammed Alauddin masood","14 June 2026","5","best","0"
"161","Google Play Store","Ashish Bhatia","26 October 2025","5","Excellant","0"
"162","Google Play Store","Debashish Kumar","9 August 2023","5","Math 🧮 topper","0"
"163","Google Play Store","Faridul Islam","3 April 2024","5","Super app","0"
"164","Trustpilot","Nis Shaw","13 hours ago","1","I had a horrible experience with Bhanju, impressed with demo session and enrolled my son for mental math program.i was promised bi monthly payment of 240 but later they said it will be 240 per month.i kept calling Shubham but he never picked up calls or never responded to my emails following up with CS daily for refund request but no luck so far.scammers.someone pls inform founder of the company that they have hired scammers.stealing money","0"
"165","Trustpilot","Sanjit Dutta","A day ago","1","⭐ 1-Star Review – Bhanzu I am extremely disappointed with my experience with Bhanzu and feel that the money I spent was completely wasted. During the demo class, they showed an impressive method where children could perform multiple calculations mentally using their “stair method.” Based on the demo, I had high expectations and decided to enroll my son. However, after completing around 75 classes, I have seen almost no meaningful progress in his mental math skills. My son is currently in 7th grade in California and is enrolled in an accelerated math program, where he is working ahead of his grade level and covering 7th and 8th grade mathematics. Despite this, Bhanzu placed him in a batch with much younger/younger-grade students, as shown in the attached picture. I don't understand how this grouping is appropriate for a student at his level. Another major concern is the class size. Most of the time, there were around 4 students in a one-hour class. In practical terms, that means each student gets only about 15 minutes of individual attention, while we are paying a significant amount for the program. For the amount of money they charge, I expected structured teaching, appropriate placement based on the child's level, and meaningful individual attention. Unfortunately, I did not see that. In my opinion, parents would be much better off hiring a 1-on-1 math teacher from India, where you can often get personalized instruction at a fraction of the cost. I honestly feel that Bhanzu is more focused on enrolling students and making money than providing personalized learning based on each child's actual academic level. After 75 classes, I cannot justify the cost based on the progress my son has made. I would not recommend this program to other parents.","0"
"166","Trustpilot","Madhu","2 days ago","1","Sales team fake promises and once money gone to their account no response at all about classes for the child. They will never refund money. BEWARE OF THIS SCAM COMPANY.","0"
"167","Trustpilot","parent\_in\_the\_making","2 days ago","1","Beware of Bhanzu’s refund trap: 3-hr high-pressure sales pitch, endless call runarounds, and zero refund - Kid has to attend 24 classes in 3 months just to request refund. Take a moment and think criticall. 80% of attendance for 30 classes just to request refund. Are you ready to put your kid though 24 classes just to request refund??? Let that sink in. If you are considering enrolling your child in Bhanzu, be extremely careful. Their sales tactics are predatory, and their refund policy is designed as an intentional trap. Here is what happened in my case: The High-Pressure Pitch: I was subjected to an exhausting 3-hour high-pressure sales call pushing for an immediate, upfront payment with vague assurances that everything was risk-free. The Hidden Clause: Right after paying, I read the fine print and caught the deceptive catch: you must complete at least 30 class credits with 80% attendance (at least 24 attended classes) just to be eligible to request a refund. The Empty Reassurance: I raised this immediately after paying, but the sales rep brushed off my concerns and repeatedly insisted ""it will all be fine."" The Reality: We gave it an honest try. We tested a few teachers and completed 5 classes, but the quality wasn’t there and it wasn’t working for my kid. No parent is going to force their child to endure 24 bad classes just to qualify to ask for their own money back. The Support Runaround: When I requested a cancellation, I spent 12+ hours across 6–8 different phone calls. Every single rep fed me the exact same canned script: ""we need to check with the internal team."" The Final Verdict: After weeks of stalling, they outright refused to issue a refund. They rely on aggressive sales tactics to lock in your money upfront, knowing full well their refund criteria are practically impossible for any family to meet. Do not fall for the pitch. Protect your time and money. If you are considering enrolling your child in Bhanzu, be extremely careful about their pressurized and deceptive sales pitch regarding refunds. They are not accredit with BBB or any other fair trade commission and there no wonder why given their malicious practices.","0"
"168","Trustpilot","DANIEL THOMAS","Updated 2 days ago","1","This company will harass you. They will keep calling you asking why you didn’t join. Please don’t join them. They are a joke. And yes you couldn't find me, because you harassed my wife. DO NOT USE THIS COMPANY!","0"
"169","Trustpilot","Lonita Dias","4 days ago","1","My experience with bhanzu support team is very bad When they want client they call you and keep following up But when a parent mentions them some problem and want to discontinue the class they just keep on delaying the matter and keep on giving false hope I and been following up from the support team for discontinuing the class for my son and it’s been a month they give assurance saying our senior team will call but then they never call back I m tried following up from past 1 month Bad service","0"
"170","Trustpilot","Madhuri Inamdar","4 days ago","1","They do not deliver what they promise for...and upon escalating the issue they come with new offer and they want us to pay again....it's pathetic.. it's of now use wasting our money here...","0"
"171","Trustpilot","harish rajput","Updated 4 days ago","1","I am writing this to warn other parents about Bhanzu's refund process. I paid £1,350 upfront on 9 February 2026 for a 150-credit course. Their explicit written policy states parents can claim a refund after a 30-class lock-in period. My child completed 32 classes, perfectly meeting all criteria.I formally requested a cancellation and refund on June 15, 2026\. Since then, I have been subjected to endless automated stalling. Their customer support chat AI claims ""no active refund request exists,"" while live human agents acknowledge the request but do absolutely nothing. They refuse to even provide a clear breakdown or confirm the exact amount they will refund.They just sent another vague email apologizing for delays but provided no timeline. They also tried to pressure me into accepting alternative courses or transfers, which I firmly denied—I want nothing but my contractually guaranteed cash refund. I have now been forced to escalate this by filing an official case with the Indian Government's National Consumer Helpline (NCH) and initiating a formal chargeback dispute with my UK bank.If you are a parent looking at this course, be aware that getting your contractually guaranteed money back is a massive nightmare.","0"
"172","Trustpilot","geet sharma","5 days ago","1","They are stealing a money without telling. I changed my card details. Scam and fraud. They are harassing parents because i m not getting and reply from them. Because i want refund for advance payment. They keep calling you when you join them. But after you will struggle to connect them.","0"
"173","Trustpilot","Shaarav Lal","5 days ago","1","For a class for my child and when we want to restart we are told that they will call us back once they have the date and we have been waiting for nearly 2 months for them to reply","0"
"174","Trustpilot","Jyothi Dasoju","Updated 5 days ago","1","I have replied to your previous post, and as requested, I have also emailed all my details to your help email address, so you can locate my case. At this point, I would also like to understand how serious your organization is about resolving customer issues. My concern has remained unresolved despite four months of continuous follow-ups. Throughout these four months, I have had approximately six calls with Mr. ******, your education counselor regarding my son pragyan’s case. Every conversation has followed the same pattern: * “I will call you tomorrow.” * “I will discuss this internally and get back to you.” Instead, I receive a callback after weeks, only to hear the same response again, with no actual resolution. This cycle has repeated for four months, and my issue remains exactly where it started. When I requested to speak with someone senior, or even with one whose name is prominently used in your marketing, I was informed that he is not part of the operational hierarchy and cannot be contacted regarding customer concerns. Your advertisements heavily promote reputation as a human calculator and create the impression that students will receive exceptional learning and support. During enrollment, your counselors make numerous promises and assure parents of a great learning experience. However, once the fees are paid, the level of support changes completely. Parents are left chasing updates, and meaningful resolutions become nearly impossible to obtain. It is disappointing to be told he only created the curriculum and has no involvement in addressing student or parent concerns. If that is the case, his name should not be used to create expectations of accountability and quality that parents cannot access when they genuinely need support. After four months of delays, repeated assurances, and no concrete action, I sincerely hope your escalation team will finally resolve this matter instead of continuing the same pattern of promises without results.","0"
"175","Trustpilot","Jyothi Dasoju","6 days ago","1","Mental harassment for parents! 0- Star review 1-Star Review I feel completely misled by Bhanzu’s promises and the way my case was handled. I paid $1,025, and my child attended only 10 classes before it became clear that the curriculum was too fast and the teaching techniques were confusing alongside the methods taught at school. Instead of building confidence, it made my child lose interest in math. When I raised my concerns, I was repeatedly promised solutions, including catch-up sessions and even a partial refund of at least 50%. However, every step involved long delays, poor communication, and repeated requests to “wait.” If a company has a strict refund policy, it should also be prompt in addressing customer concerns instead of delaying the process until the customer no longer qualifies under its own policy. In the end, after months of waiting caused by Bhanzu’s delays, I was told I was not eligible for a refund because of attendance. This was extremely unfair, especially when my cancellation request had been made much earlier. My experience was full of false promises, poor customer service, and a complete lack of accountability. Parents should thoroughly understand the refund policy and consider this experience carefully before enrolling.","0"
"176","Trustpilot","dfga","Updated 6 days ago","1","Would not recommend — unresolved refund request for over a month My son has completed around 30 classes with Bhanzu, and honestly, we haven’t seen the learning outcomes or improvement we were promised when we signed up. I raised these concerns with them multiple times, hoping we could either see a change in approach or get a refund for the remaining unused classes. That was over a month ago. Since then, I’ve followed up repeatedly — multiple phone calls, multiple emails — and I still don’t have a clear resolution. No one seems willing to actually process the cancellation and refund, just vague responses and no real follow-through. For a paid service, this level of unresponsiveness is unacceptable. If you’re a parent considering Bhanzu, think carefully before committing, especially to any long-term package. Ask detailed questions about their refund and cancellation policy upfront, and get everything in writing, because based on my experience, getting them to honor it afterward is a real struggle. As advised, Sent the email history to resolve expinfi email","0"
"177","Trustpilot","Poonam Singh","Aug 27, 2026","1","Worst online class ever, specially their customer support is useless, you request them for call back which they never do. Few of their teachers are just running with the topics to finish. I had to change the group as I was on vacation and in the new group the teacher is in rush to finish topics.","0"
"178","Trustpilot","Hari Gomatam","Aug 27, 2026","1","We have been a little disappointed with the way our request to cancel has been managed by the teams at Bhanzu. At the time of enrolment there was so much pressure from the sales team, with a lot of follow-ups to make sure payment is done. Fast forward, we wanted to review the classes at the end of 30 lessons and not go ahead with the reminder of the program. However, even after multiple follow-ups, I have not had an appopriate response from the team at Bhanzu, which has been very disappointing.","0"
"179","Trustpilot","Samadarshee Panda","Aug 26, 2026","1","I am a parent of a student who is enrolled to Bhanzu in the begining of 2026\. Since I enrolled my daughter, I have been trying to cancel her enrollment and requesting the Bhanzu learning and management team to get my money back but alas I am unable to get it. The customer experience is worst and they have been giving me reasons after reasons without any clear sight of my refund initiation. I request other parents to stay away from Bhanzu.","0"
"180","Trustpilot","Areeba Asghar","Updated Aug 28, 2026","1","Very bad experience , I cancelled their subscription, still they are trying to deduct money from my account via direct debit, called and messaged multiple times, they are not interested in solving my issue, just the demo clas good, then they repeated 3 lesson in the first month, and wasted my sons lessons, and agreed to give me 2 seperate lessons but not adding those lessons, very unprofessional people.","0"
"181","Trustpilot","Anuradha","Aug 25, 2026","1","This message is for customer service. I am sending this after 1.5 years of journey with them. I enrolled my 9-year-old child. So far, he is doing okay learning-wise, but I wish there was a provision for regular 5 to 10-minute practice sessions to help kids remember the techniques and methods, besides the 15-question assessments which, once completed, cannot be redone for practice. Kids tend to forget old topics as they learn new ones. Regarding the customer service team: it is the worst I have encountered, with no professional behaviour, no boundaries on calls, and inappropriate language and tone. We cannot stop them from bothering us. Bhanzu has never taken feedback or complaints seriously, regardless of how many times you raise them. When you have one query, it leads to an influx of calls over the following days, with no prior schedule or notice. They also call over weekends from random UK numbers. The sales or feedback team is even more irritating, often flirting with parents. I am not satisfied. I will continue my child's second level of training with Bhanzu because I am solely interested in helping my child academically. The primary stage of learning was not very helpful, as it closely follows the UK teaching method. I am hoping for smarter methods in the second level of learning. To focus on updates from the team a new notification comes from different number everytime! When you type Bhanzu in what's app search you see 10-12 contact cards. So I ignore everything and sometimes miss key things like tournaments .","0"
"182","Trustpilot","Charlotte Smith","Aug 25, 2026","1","Bhanzu is the worst nightmare for a parent to put themselves into. DO NOT sign up for their luring free demo. Please do your research carefully before signing up, especially regarding their cancellation and refund process.","0"
"183","Trustpilot","Todd Haque-Brand","Aug 24, 2026","1","I don't like this. Not only has my 12 year old son not only hasn't made any progress in his maths (He was already good to begin with), he now dislikes maths when he used to like it. The course's blatant use of AI generated images is absolutely abysmal. Although I believe AI can be used right, the way Bhanzu uses them is abysmal. The music is described by my son as ""Too childish. Even for an embryo"". The Bhanzu Buddy is very stupid and is just another ChatGPT that hallucinates occasionally. Not a good website, do not suggest. Teach your kid yourself.","0"
"184","Trustpilot","keerthika priyadarshini","Jun 27, 2026","1","It’s a Scam please don’t fall for it and lose your hard earned money.","0"
"185","Trustpilot","sunitha choudhary","Updated Jul 5, 2026","1","I have been following up with Bhanzu regarding my refund for more than two years, and my experience has been extremely disappointing. After I requested a refund, Bhanzu's team **confirmed in writing that my daughter was eligible for a refund**. They even discussed a partial refund amount with me. However, when I did not agree with the amount offered and requested a fair refund, the situation changed. At the same time that I requested the refund, I also clearly instructed Bhanzu to stop my daughter's classes. Despite this, the classes continued to be counted as missed sessions. Later, Bhanzu informed me that my daughter was no longer eligible for a refund because her attendance had fallen below 80%. I find this unfair because the attendance dropped only after I had already requested both the refund and the cancellation of the classes. The missed classes were counted even though I had clearly asked for the classes to be stopped. It is difficult to understand how someone can first be told they are eligible for a refund and later be declared ineligible based on attendance that continued to decrease after the refund request. For more than two years, I have been following up with emails and calls, but instead of receiving a fair resolution, I have repeatedly been referred to the terms and conditions. As a customer, this has been an exhausting and frustrating experience. I still hope Bhanzu will review my case fairly based on the communications already shared with me and process the refund accordingly. If they resolve this matter, I will happily update this review. My advice to anyone considering enrolling is to carefully understand the refund policy before making any payment and ensure that any commitments regarding refunds are provided in writing. July 5th 2026 (Editing review to share the below details): Payment done- 1500.0 USD Invoice Date - 07/17/2024 Contact Number - \+1 443 355 7319","0"
"186","Trustpilot","Satya Rao M","Jun 25, 2026","1","Why you are fallowup for feedback this this I don't like I am getting mails messages calls for fees back , why this much pressure for feedback. I don't like this . But classes are good","0"
"187","Trustpilot","Venkat Reddy","Updated Jun 26, 2026","1","I enrolled my son in Bhanzu after attending one of their sales presentations and ultimately paid approximately **$2,100** for their Math and English programs. Unfortunately, our experience has been extremely disappointing, and despite numerous attempts over the past several months to resolve our concerns, we have not received a satisfactory resolution. Here are the primary issues we experienced: **1. Misleading information during enrollment** One of the biggest reasons we enrolled was because the sales representative explained that the monthly ""Master Classes"" would be taught by **Head of Bhanzu himself** and implied that these would be valuable, interactive learning sessions for my child. In reality, these sessions have been webinar-style presentations (or appear to be pre-recorded) and are not tailored to my son's learning level. They have provided little to no educational value for him. **2. Poor experience with the English program** We were not satisfied with the English classes. Instead of helping my son improve, the teaching methods often conflicted with what he is learning in the U.S. school system, particularly regarding pronunciation and language instruction. Rather than building confidence, it created confusion between Indian and American teaching approaches. **3. Sudden change of Math teacher** The Math program was the one positive aspect of our experience. My son genuinely enjoyed learning from his original teacher, who was patient, understood his learning pace, and adapted lessons to his level. Without any prior notice, Bhanzu changed the teacher, stating that the previous instructor was no longer with the organization. Unfortunately, the new teacher has not been a good fit for the class. We can clearly see the difference in teaching quality and engagement, and my son no longer enjoys attending the sessions. We have requested a teacher change, but our concerns have not been addressed satisfactorily. **4. Extremely poor customer service** Over the last six months, I have contacted Bhanzu's support team **more than 20 times** through emails, phone calls, and WhatsApp messages. Almost every response has been a generic statement such as, ""We will pass your feedback to management."" Despite repeated follow-ups, none of our major concerns have been resolved. **5. Unprofessional support experience** Some of my recent interactions with customer support were particularly disappointing. Representatives were rude, dismissive, and on one occasion even disconnected the call while I was explaining my concerns. This level of customer service is unacceptable for a company providing educational services to children. **6. Requested resolution** At this point, we have lost confidence in the program. If Bhanzu cannot restore the original quality of instruction by assigning an equally qualified Math teacher and redesigning the Master Classes to be interactive and age-appropriate, then I believe the only fair resolution is a **full refund of the fees paid, including for the classes already attended**. We enrolled based on representations that have not matched the actual experience, and despite giving Bhanzu multiple opportunities to resolve these issues, we have seen little improvement. I genuinely wanted this program to succeed because my goal is simply to help my son learn and enjoy mathematics. Unfortunately, the overall experience—from the sales process to customer support—has been disappointing. I hope Bhanzu takes this feedback seriously and improves both its customer service and the consistency of its educational programs.","0"
"188","Trustpilot","Jyoti Sharma","Jun 24, 2026","1","seen ‼️‼️‼️‼️ ‼️‼️‼️‼️Worst System i have even seen . Did Only 8 sessions not worth my son was disappointed Then I requested for refund But they denied that . This is not our policy i spoke to many of their customers services everytime they Gave me new Ticket . But They Behave like dont want to RETURN money at last i Open Despute through my bank . But now finally BHANZU Denied to refund BCOZ i complain to Bank otherwise I have their mail which showing 100 sessions will be refunded , Bhnazu will deduct 50 sessions instead of 8 session my son did. I paid 2000$ . Now they refused to give refund even i have their confirmation mail but they Refused . BUANZU is a big Fraud or SCAMMERS ‼️‼️‼️‼️‼️‼️‼️‼️","0"
"189","Trustpilot","luksh kumar Sharma","Jun 23, 2026","1","‼️‼️‼️‼️Worst System i have even seen . Did Only 8 sessions not worth my son was disappointed Then I requested for refund But they denied that . This is not our policy i spoke to many of their customers services everytime they Gave me new Ticket . But They Behave like dont want to RETURN money at last i Open Despute through my bank . But now finally BHANZU Denied to refund BCOZ i complain to Bank otherwise I have their mail which showing 100 sessions will be refunded , Bhnazu will deduct 50 sessions instead of 8 session my son did. I paid 2000$ . Now they refused to give refund even i have their confirmation mail but they Refused . BUANZU is a big Fraud or SCAMMERS ‼️‼️‼️‼️‼️‼️‼️‼️","0"
"190","Trustpilot","sachin meshram","Jun 22, 2026","1","Our experience with Bhanzu has been disappointing. The enrollment process was very smooth, and the sales team was extremely responsive while convincing us to join the program. However, after enrollment, we were not satisfied with the learning experience and raised our concerns after approximately 10 classes. When we discussed cancellation and refund, we were informed about a ""30-session lock-in"" policy and an 80% attendance requirement. This condition was never clearly explained to us during the enrollment process, and we only became aware of it after raising concerns about the program. Despite multiple follow-ups, we have struggled to get clear answers regarding the refund calculation methodology. While the team refers to company policy, they have been unable to provide a transparent example of how the refund amount would actually be calculated. To their credit, the academic team has offered to change the trainer and requested another opportunity to improve the learning experience. We are currently evaluating that option. My advice to parents: before enrolling, make sure you obtain all refund terms, lock-in conditions, cancellation policies, and refund calculation methods in writing. Ask detailed questions before making payment rather than after, when the answers may be very different. Transparency and clear communication are just as important as the quality of the classes.","0"
"191","Trustpilot","Oshee Tomar","Jun 15, 2026","1","Most fake thing I have seen on the name of education demo classes btakr tym waste krte h hostel he bhaag jata h ghatiya log","0"
"192","Trustpilot","Nav","Jun 14, 2026","1","unprofessional,not giving you refund,if i could give zero to Bhanzu i will definitely give them. they have highly unprofessional people who will call you nonstop and continously until you will not pay them but after that all servies disappear.network tehy use barely work. lack of ethics and unprofessional. when ask for refund,disappear like they never exist. i would never suggest anyone to go with these kind of frauds.","0"
"193","Trustpilot","R C","Jun 13, 2026","1","Beware!!! Teacher accents are very strong and though we tried to look past it there is a big language barrier because of it. We asked for a refund and they refused unless my child attends 30 classes. Filing a claim with my bank. My child attended one class and couldn’t understand a word. Customer service called me and wouldn’t provide me a refund and I could barely understand him on the phone.","0"
"194","Trustpilot","Raj Kumar","Jun 13, 2026","1","I payed 396quid birtsh currency and they scammed me and did not give me any lessons","0"
"195","Trustpilot","sukanya muthu","Updated Jul 1, 2026","1","Due to No add review button Editing the same Post:::: Post date : 6/30/2026 Issue Refund: STILL WAITING TO RECEIVE A REFUND ************************************************ I am extremely disappointed with how this refund request has been handled. I have been contacting your associates for more than three months, and yet I am still being given the same generic responses without any resolution. The student, Mithil, attended classes online only and never visited any center. This information should already be available in your records. Instead of actually reviewing the case, it seems like no one has taken the time to look into the student's history before responding. Three months is more than enough time to process a straightforward refund request. The lack of communication, accountability, and follow-through is unacceptable. At this point, I expect a clear explanation of the delay and an immediate update on the refund status. Please do not send another generic response without reviewing the case properly.","0"
"196","Trustpilot","sukanya muthu","Jun 10, 2026","1","I’m facing the exact same issue with Bhanzu. Their service has been nothing but disappointing. I’ve been trying to get my refund for months, and all they do is delay, ignore, and pass the responsibility around. No proper communication, no follow up, and absolutely no accountability from any department. They keep giving excuses that don’t make sense, and it’s clear they don’t care about resolving student concerns. This kind of unprofessional behavior is unacceptable. I strongly advise others to think twice before trusting them with their money.","0"
"197","Trustpilot","Bashir Blenman","Jun 7, 2026","1","DO NOT TAKE THEIR FREE TRIAL! I got the free trial for my daughter 2 years ago and since then I have been constantly called. I have blocked them on numerous numbers and they still keep calling. These are desperate and shameless people who will not take no for an answer. Do not waste your time unless you want to be bullied for years to come. Very upset that I even considered them.","0"
"198","Trustpilot","Charmi Patel","Jun 7, 2026","1","I would not recommend enrolling your child in Bhanzu. In my experience, it was a waste of money. During some classes, the teacher would assign tasks to the students, turn off the camera, and become unresponsive. Even after calling the teacher multiple times, there was often no response, leaving the children without guidance or support. Another major issue is billing. Once you make a payment, they may continue charging you for subsequent months. Even after informing them in advance about cancellation, charges were still deducted. Please do not enrol your kids in Bhanzu , it is totally scam. Overall, my experience was disappointing due to the lack of classroom engagement and the billing issues.","0"
"199","Trustpilot","Luv Patel","Jun 7, 2026","1","⭐ 1 Star – Very Disappointing Experience Negative Super Negative-10000 stars I would not recommend Banzu based on my experience. After paying for the program, I spent more than 5 weeks trying to get a resolution to my concerns. I was repeatedly told that I would be moved to a new batch with one-on-one sessions, but that never happened. Instead, they placed us in the middle of an existing module, making it difficult to follow the material. When I requested to start from the beginning of the module, I was told they could not accommodate that request. The most frustrating part has been the lack of communication and follow-through. Multiple representatives promised that someone would contact me within 24–48 hours, but no one ever followed up. Each time I reached out, I received another promise, but no actual resolution. My experience has been that once payment is collected, customer support becomes very difficult to obtain. The company has repeatedly failed to honor the commitments made to me, and after weeks of waiting, my concerns remain unresolved. I am sharing my experience so others can make an informed decision before spending their money.","0"
"200","Trustpilot","PAYAL PATEL","Jun 7, 2026","1","They have multiple student in batch.they only focus on bright student and dont care if concepts are getting cleared for other students although we paid same money.","0"
"201","Trustpilot","Shafique Ahmed Shaikh","Jun 6, 2026","1","My experience with Bhanzu has been extremely negative and disappointing. The platform seriously undervalues tutors and offers payment that is far below what skilled and experienced educators deserve. They expect tutors to bring strong subject knowledge, communication skills, preparation, patience, and quality teaching, but the compensation does not justify the effort at all. It feels unfair and exploitative toward talented tutors who are genuinely trying to build a career in education.","0"
"202","Trustpilot","Manush","Jun 5, 2026","1","These guys are running a scam. They were so prompt to respond during the time of sale and were behind my life. Ever since payment was done, I am not able to reach anyone. Have reached over support too but nothing. I want my money back.","0"
"203","Trustpilot","Vnb Im","Jun 4, 2026","1","- if some NRI applies in their company They simply call, ask our location and record interviews and ask which business we are doing and try to learn about it (to not progress is what I feel.) it is irrelevant to interviews. They should mention on their website they won't hire some ppl. Ingenuine","0"
"204","Trustpilot","Rizwan","May 4, 2026","1","Very disappointing experience they are just earning money and calling to convince please don’t trust them if you give your number once they calling you from different number even you block and forget who they are but they still remind you about your mistake about why you contact them","0"
"205","Trustpilot","Muhammadumar Rizwan","Updated May 22, 2026","1","Very disappointing experience. I can't reply you only thing i can do is edit the review. Yesterday i again received call in middle of my very important interview. It was so annoying i requested your team member please stop calling.. next time if you say you could not find my record i will explain you on call next time. I was already know you will say you can't find my record as you say to other people who are saying same to you.. because its your way to disturb people.. but i am ready to share evidence and i know you call m again then i will told you how could you not find my record. I explained that Banzu was not the right fit for my child and that we no longer needed the service. Even after saying no several times, I kept getting calls from different numbers. Having to block multiple numbers just to stop contact was extremely annoying.i wish i could rate them 0 because they are not stop calling me until today.","0"
"206","Trustpilot","APS","May 3, 2026","1","please save money, this is not what they say. We wasted our money. Specially for overseas parents stay away from this education provider. Its waste of time and morny","0"
"207","Trustpilot","Farman Sumeka","Updated May 2, 2026","1","Very unprofessional and borderline harassment. I initially contacted Bhanzu with a simple enquiry. I clearly stated that I did not want any further communication as I am not interested to take their services. That should have been the end of it. Instead, I have continued to receive repeated calls from multiple different numbers, all claiming to be from Bhanzu. Despite telling them several times to stop calling me, the calls have not stopped. This is not just aggressive marketing it feels like harassment at this point. Some of the numbers I’ve been contacted from include: (Numbers has been removed to follow trust pilots guidelines) There are more, but this already shows a clear pattern. This raises serious concerns about how my personal data is being handled and shared internally. Ignoring a direct request to stop contact shows a complete lack of respect for customer consent and privacy. I have now formally requested that they cease all contact and delete my personal data. If this behaviour continues, I will be escalating the matter to the appropriate authorities including Ofcom, Information Commissioner’s Office (ICO) and reporting them for misuse of personal data. Under the UK General Data Protection Regulation (UK GDPR) and the Data Protection Act 2018, you are required to comply with this request without undue delay. I would strongly advise others to be cautious before sharing their contact details.","0"
"208","Trustpilot","Vidya Potti","May 1, 2026","1","A few days ago, I received a call from a Bhanzu representative who apologized for the inconvenience and assured me that he would get back to me regarding the refund. Believing this was a genuine attempt to resolve the issue, I waited and did not post any review or escalate the matter for more than a week. It has now become clear that these assurances were only delaying tactics. There has been no follow‑up, no update, and no action taken on my refund request. A business that intends to grow should operate with transparency and ethical practices. In my experience with Bhanzu, both transparency and ethical handling of customer concerns have been missing.","0"
"209","Trustpilot","Zahra Hachem","May 1, 2026","1","This is a formal notice. I am not interested in your program and will not be enrolling. From my understanding, Bhanzu is not officially verified or accredited by any major U.S. education authority, including school boards or state agencies. It operates as a private ed-tech company, not a certified school or curriculum provider, and is also not accredited by the Better Business Bureau (BBB). Based on this, I have no intention of proceeding. I am also demanding that you immediately stop contacting me. I have received repeated calls from multiple numbers, which is unacceptable and constitutes harassment. Remove my phone number and any personal information from your system right away. If the calls continue, I will take further action, including reporting this to the appropriate consumer protection and telecommunications authorities. Confirm in writing that my details have been deleted and that all communication will cease. Do not contact me again.","0"
"210","Trustpilot","nagajyothi k.s.","Apr 29, 2026","1","I want to share my experience so others are aware. I have been waiting for my refund for months, and the amount i received is nothing which they promised. Very very disappointing. Worst experience with Bhanzu.","0"
"211","Trustpilot","Evita Sejo","Apr 29, 2026","1","To be honest, Bhanzu doesn't even deserve one star for how they’ve treated us. My parents and I are totally sick of saying the same thing over and over again, but they just refuse to listen or give us our money back. We have been asking to quit and for a refund since the start of this year, but they just won't do it. Every time they call, they claim they’ll ""look into it"" and call back in two weeks, but they never actually do. When we finally get a hold of them, they just make up brand new excuses and rules that they never mentioned when we signed up. They told us at the start that if I wanted to quit, I just had to finish a certain amount of homework to get a refund. I’ve done all that work, but now they’re moving the goalposts and telling me I have to finish two more modules—which is 20 whole lessons—just to be allowed to quit. It’s a total scam to keep our money and trap us in the program when we've been trying to leave for months. I’m honestly so done with it, and I would never recommend Bhanzu to anyone.","0"
"212","Trustpilot","Abeer","Apr 29, 2026","1","Bhanzu professional scammers, parents check the reviews on twitter, and on Facebook join bhanzu is scam and banned in US. All their positive reviews are purchased or they are posting themselves because all their positive reviews are invited and all the NEGATIVE views are UNPROMPTED and genuine.","0"
"213","Trustpilot","Santosh","Apr 29, 2026","1","I am extremely disappointed with Bhanzu. I cancelled my son’s math class weeks ago, but they have still not processed my refund. Every time I try to reach them on WhatsApp, I only get automated replies — no real support. During enrollment, multiple people called me to sign my son up, but now that I need a refund, my request is being treated as low priority. This is nothing but aggressive marketing with zero regard for customer service. My son did not improve his math knowledge at all. Instead, they overloaded him with homework, which didn’t help. That’s exactly why I decided to take him out of the lessons. I will never recommend Bhanzu to my friends or family. Zero stars from me.","0"
"214","Trustpilot","Farman Sumeka","Apr 29, 2026","1","My experience with Bhanzu has been extremely frustrating and disturbing. I have repeatedly said that I’m not interested in their services, yet I continue to receive calls at random times. This feels intrusive and disrespectful of my preferences. Extremely unprofessional staff members. It raises serious questions about data privacy and whether proper consent was ever given. This has been a very negative experience, and I would strongly advise others to be cautious when sharing their information.","0"
"215","Trustpilot","IRFANALI AHAMED","Apr 28, 2026","1","I have been faced very bad experience from Bhanzu, My son didn't get any classes last three weeks and they are saying our team will contact with in 24-48 hours. Nobody call us last one week. We already paid the amount also for the classes. I need a immediate solution for this matter. Your customer service is very bad. No answering the calls","0"
"216","Trustpilot","Abeer","Apr 27, 2026","1","Bhanzu is a big scam , they are doing this since 2 yrs , and because these qualified scammers they are successful in taking money from people. Parents please research , go and check twitter, face book and truspilot before booking a demo class with them. I am raising my voice for the last 2 weeks, as before I was contacting them by raising tickets but no benefit. They will contact you to say sorry and trust us we will do better, then force to complete the 30 session and lately I received email that we will process your refund and again silence for last 3 days. They are not teachers or educationist , that are professional scammers. Please parents don’t fall for them.","0"
"217","Trustpilot","Samadarshee Panda","Apr 27, 2026","1","I am a parent of 11 year old daughter. We live in US and I got trapped in Bhanzu’s fraud scheme of 150 classes for math wizard . The classes were very basic didn’t meet my child’s need and when I asked for refund they didn’t honor . The learning and management people didn’t even listen to my refund request and didn’t give me a penny back. Instead they forced me to continue thier classes without any good reason. DONT GET TRAPPED IN THIS FRAUD COMPANY.","0"
"218","Trustpilot","Kapilaarthi Swaminathan","Apr 27, 2026","1","Hi, I am like many other parent who is following up for a refund since Feb 15\. I have stopped attending the seession since then and they tried to convince me for a month to continue the course. But Bhanzu curriculum is not helping my child and we clearly said we would like to cancel and get the refund for the remaining sessions as they promised at the time of registeration and an email sent at the time of registration that I can cancel the course after attending minimum 30 sessions and they will refund the remaining cost. But i have attended 47 sessions and when my kids was not benefiting from the course and lost intereset completely to join anymore Bhanzu sessions. After repeated calls and they finally locked my account and removed from the student dashboard. As of Mar 20 they emailed stating my refund process has intiated please give us 7-10 business days to process your request. But I got 3 same automated email stating 7-10 business days my refund will be processed. Everytime I have to call Bhanzu support and follow up on the refund. But no one will connect to any concered team or address the actual delay. They keep saying the same old script again and agaain. I don't know if it a BOT or Human am talking to. And Emails no responce. Very poor customer support and the time and frustation they cause to the parents is they should be refunding the full amount. At the time of registration i trusted Bhanzu and their curriculum. But with the bad customer experience I wanted to spread awareness for another parent not to go through the same. Bhanzu has thought me a great lesson on how not to trust them anymore and any other online scams. I have been very careful since covid so many online education system started and they bancrupted but Bhanzu seemed trustful which they 100% broke my trust and confidence in coming back.","0"
"219","Trustpilot","Rimpal Patel","Apr 27, 2026","1","The product has received a zero-star rating. The experience has been unsatisfactory in all aspects. There is a lack of clarity in the information provided during registration, poor customer service and inadequate administration. Furthermore, there is no assistance offered in resolving issues. When it comes to refunds, the company prioritises its own interests over customer support. Many undisclosed aspects were not communicated prior to registration and are now being revealed when requesting a refund.says if we didn’t hear anything from you then we will close ticket and do not reraise ticket . How can they close ticket without solving it","0"
"220","Trustpilot","Abeer","Apr 26, 2026","1","Refund still not processed . Bhanzu please the way instantly you take money from us, the same way process the refund, I am yet to get a response from you . I get the same response every time that is we are waiting for third party response, bhanzu in this digital world where everything is in one touch don’t give this answer. I need an update on my refund without any delay.","0"
"221","Trustpilot","Dhanashri Paranjpe","Apr 24, 2026","1","I faced issue with Bhanzu. After a 1 year of service I want to deactivate my account as it's matching with my current requirement, i have been trying since one month for deactivate account no one is brother to connect with me. I have sent multiple emails, also called RM she said someone will call and from experts team but no one called and my one month fees also charged ofcos I have asked my daughter to join as I paid for this service already. But should I pay a huge amount if I don't want now. Thank you Dhanashri Potdar","0"
"222","Trustpilot","B Thomas","Apr 24, 2026","1","Enrolled mid 2025 but by the end of the year (ie in 4months) we understood we made a mistake enrolling. The teacher would race through each topic, there was no follow up or refresher at the start of each class. Gave feedback to the teacher in the best way possible but she never took it on board. I decided it was time to leave when the teacher made the kids wait for over 20mins and then shows up and says she was tired after travel!!!! over the holiday and festival period we had class cancellations due to “technical issue” Raised a ticket on March 5th - was promised it will be settled and refunded… but still waiting. We keep following up as we were told it would be settled within 4 weeks. We raise tickets only to get response that we will get a call and guess what - no one does! To parents in Australia and New Zealand, please do not enroll for this! You are better off enrolling for in person options such as kumon or any local math class…. Very disappointed! The frequent class cancellations also meant the kids were loosing interest and not able to remember the concepts.","0"
"223","Trustpilot","T Thomas","Apr 23, 2026","1","I enrolled in a Bhanzu program and paid the full fee of $1,200. Within an hour of enrollment, I decided to discontinue and requested a refund. However, the refund has not been processed despite multiple follow-ups. My experience has been disappointing, particularly regarding communication, responsiveness, and the handling of refund-related concerns. The process has taken longer than expected, and I have not received a satisfactory resolution. Based on my experience, I would advise others to carefully review recent feedback on social media and other platforms, as well as customer refund experiences, before enrolling in this program.","0"
"224","Trustpilot","Vamsikrishna Anchala","Updated Jun 17, 2026","1","I am writing this to warn other parents about the deceptive practices and ""refund traps"" at Bhanzu. Aggressive Sales: During the demo on March 1st, the representative pressured me into a $2,000 payment by claiming a ""limited-time offer"" and refused to let me off the call to think it over. Immediate Cancellation Ignored: I cancelled the service on March 2nd—before the first session even began and immediately following the welcome call. Bhanzu acknowledged the cancellation (Ticket \#02050037) but continued to send session reminders. The ""30-Session"" Trap: When I requested my refund, they tried to claim I was ineligible because their policy requires completing 30 sessions with 80% attendance first. This is a logical impossibility for a service that was cancelled before it started. It is a clear attempt at Unjust Enrichment—holding $2,000 for services never rendered. Refusal to Refund: They tried to force me into ""pausing"" the batch for a year instead of returning my money. I ultimately had to involve my bank and file a formal dispute under the Fair Credit Billing Act to get my funds back. Even after my bank ruled in my favor and issued a permanent credit on April 7, 2026, Bhanzu sent an email on April 22 claiming they had 'approved my refund.' This is a deceptive administrative tactic. They didn't 'approve' anything; they lost a formal legal dispute for non-delivery of service. Worse, they then tried to claim they would 'deduct' fees for scheduled classes that I never attended and had cancelled weeks prior. This shows a complete lack of transparency and an attempt to circumvent the bank's final decision."" Bottom Line: Their math curriculum might be fine, but their business ethics are non-existent. If you pay them, be prepared for a massive fight to get your money back, even if you never use the service.","0"
"225","Trustpilot","break point","Apr 23, 2026","1","HI, ALL PARENTS I HAD SAME VERY BAD EXPERIENCE AND I AM OUT OF THIS MATTER. I GOT MY MONEY BACK. BHANZU WILL NEVER GIVE YOU YOUR MONEY BACK. THEY WILL ONLY TALK NONSENSE TO YPU. ITS BETTER IF YOU TALK TO YOUR BANK.THE BANK WILL PUT YOUR TRANSACTION IN A DISPUTE AND REFUND YOUR MONEY. SO PLEASE DONT WEST YOUR TIME WITH BHANZU AND CONTACT YOUR BANK.","0"
"226","Trustpilot","Asiya Shaikh","Updated Apr 30, 2026","1","Bhanzu - Parents Beware before enrolling. We lost $4200 and didn't get any refund. Repeated request to issue refund falls on deaf ears with Bhanzu team. Like a broken record they send the same message that we will support your child's learning and resolve the matter. For months, I have been told the same repeated lines with no real intention or action to return our money back. Their customer service is like harassment to the parent, as they dismiss what we ask for and just keep delaying the process. It's a total waste of money with no concrete progress or improvement in student's calibre. The lack of transparency and accountability has caused significant inconvenience. If this is how refund requests are handled, it raises serious concerns about their process and professionalism. Now we are left with no choice but to take legal action against them. Update: After leaving this review Bhanzu contacted us and indicated a refund if the review was taken down. We asked for the refund first. Our kids attendance was more than 80% at that time which made us eligible for the refund. Since then there were multiple generic emails mentioning parents name as the student, or if they got the name right it was wrong subject., raising concerns on their professionalism. After requesting cancellation, our children stopped attending. Their attendance percentages was above 80% as they mentioned on the phone. They kept delaying the refund but continued to schedule classes despite our request to discontinue. Today they called that the child's attendance is 72% that makes us ineligible for refund. Overall the process felt unclear with shifting explanation and in the end denial to refund our money. We have incurred a loss of approximately $4200. We strongly recommend reviewing all refund and attendance terms carefully and getting everything in writing before enrolling. We had a very frustrating experience with Bhanzu.","0"
"227","Trustpilot","Abeer","Apr 22, 2026","1","Bhanzu is a scam, don’t waste your money and time on them. I am asking them refund on daily basis and they are delaying the initiation. I hope all the parents to check the reviews on Facebook and truspilot. Unprompted reviews and not the INVITED ones, which are paid reviews.They are scammers.","0"
"228","Trustpilot","Vidya Potti","Apr 21, 2026","1","My refund experience with Bhanzu has been very disappointing. For months, I have been told the same repeated lines with no real progress. Customer service keeps saying someone will call back, but no one ever does. The lack of transparency and accountability has caused significant inconvenience. If this is how refund requests are handled, it raises serious concerns about their processes. They do not even acknowledge emails, which reflects poorly on their professionalism. A clear example is the generic comments they keep adding to my reviews without any seriousness or real intention to resolve the issue. After months of waiting, I still have no update on my refund.","0"
"229","Trustpilot","Manish singh","Apr 21, 2026","1","Beware ! Beware ! Bhanzu is nothing but online frauds. Don't fall in their trap . They are scammers . Please connect with me before falling in their SCAM.","0"
"230","Trustpilot","Mirza Ahmed Wasim","Updated Apr 27, 2026","1","My initial impression was that the ""demo"" served more as a high-pressure sales funnel than a genuine showcase of the service. The session focused heavily on aggressive marketing tactics to secure immediate payment, which felt quite unprofessional for a trial class. ​Update: Since posting my initial feedback, the company has contacted me requesting that I remove my review. Furthermore, my concerns remain unresolved and their focus seems to be on managing feedback.","0"
"231","Trustpilot","Tejaswi","Apr 21, 2026","1","I am sharing this so other parents are aware before enrolling. This has been one of the worst and most unbearable experiences we’ve had with any learning platform. We enrolled our daughter in both English and Math programs. Due to unavoidable travel, we had to pause her classes temporarily. After that, we spent over two months chasing customer support, with no proper resolution. The process was exhausting and extremely frustrating. Despite repeatedly requesting either: - placement in a suitable batch based on her progress, or - a prorated refund for unused sessions We were given no meaningful solution. To put things in perspective, my daughter attended around 15 English sessions, and we were then told to continue from the 90th session. This is completely unreasonable and shows a serious lack of academic structure. It feels like they are just trying to fit students anywhere without caring about actual learning. The entire experience reflects no accountability, poor support, and rigid policies. It also raises serious concerns about false advertising, as the service delivered does not match what was promised at the time of enrollment. At times, it genuinely felt like money looting, where once you’ve paid, you’re left with no real support or fair options. We are based in the US, and I’ve heard similar feedback from 6 other parents in our community as well. Bhanzu seriously needs to fix: -extremely poor and delayed customer suppor -lack of accountability in resolving issues -unfair handling of paused subscriptions -improper student placement without regard for learning continuity Until then, I would strongly caution parents, please get complete clarity on their policies before enrolling. This has truly been the worst experience and far from what was promised.","0"
"232","Trustpilot","Abeer","Apr 20, 2026","1","Bhanzu refund is delayed, initiate my refund . Bhanzu is not worth one star , parents look for all the one star reviews . They are fake and only after your money . Since my first review they have the same automated response, with out any action. They will ghost you like this after taking the money because they are not concerned about you or your child , they only want money. They are professional scammers.","0"
"233","Trustpilot","Vipulkumar Suthar","Apr 20, 2026","1","I purchased a Bhanzu student membership for my son and paid £1845. Since January, I have been continuously requesting cancellation and refund, but my issue is still unresolved. I have raised multiple support tickets:","0"
"234","Trustpilot","Hatem","Apr 19, 2026","1","I got into the session and someone said he has an internet issue and said can you reschedule it two hours and the teacher accepted and she said 6:00 or 6:30 so when I entered it said error session finished.","0"
"235","Trustpilot","Abeer","Apr 19, 2026","1","Refund not initiate. Bhanzu are scammers and fake. Parents don’t register your children with them . Read all the negative reviews which are original and unprompted not like all the good reviews which are invited. This explains it all. Initiate my refund bhanzu.","0"
"236","Trustpilot","Vidya Potti","Apr 19, 2026","1","I want to share my experience so others are aware. I have been waiting for my refund for months, and the process has been extremely inconvenient. Even today, customer service keeps giving scripted responses with no real action or follow‑up. The delay, lack of clarity, and repeated false promises have caused a lot of frustration. I hope they improve their refund process so no one else has to go through this.","0"
"237","Trustpilot","Harsh m","Apr 19, 2026","1","Before you read our below experience: I want to share the new fraud which these people did with us. They said they will refund our partial money on March 26th and today it's April 18th; we have called them 10+ times and sent emails but no refund still. They are big frauds. Please save your kid from this below Trama. \=== I wish there a negative score I could choose. Parents be aware of this. We have been cheated. We enrolled our 13-year-old daughter in Bhanzu’s 18-month online math program after seeing their YouTube advertisements. The program cost $1,845 and was marketed as age-appropriate, structured instruction with four one-hour classes per month. Unfortunately, the experience was very different from what was promised. Our daughter was placed in a class with much younger children, making the instruction unsuitable for her level. A significant portion of each session was spent on unrelated personal conversations rather than math instruction. In addition, the teacher frequently had internet and technical issues, and at times students could not hear or follow the lesson. The actual teaching time was far less than advertised. Before enrolling, we were told that if the class or teacher was not a good fit, Bhanzu would change the class or teacher, or allow cancellation. After experiencing these issues, we contacted Bhanzu multiple times by email and phone requesting a class change or cancellation. We were advised not to attend the current class and were told a new class and teacher would be assigned. Despite repeated follow-ups, no new class was ever provided, the course was not properly canceled, and no refund was issued. Based on our experience, the service delivered did not match what was advertised, and the promised flexibility was not honored. We recommend that parents carefully review terms and get all commitments in writing before enrolling.","0"
"238","Trustpilot","Ali","Apr 18, 2026","1","Worst experience ever. Applied for refund and it’s been months they keep calling and asking to attended class rather than giving refund. It’s a scam. We lost £1400z Avoid avoid","0"
"239","Trustpilot","Vidya Potti","Apr 18, 2026","1","Parents, please look at my previous reviews about Bhanzu. Every time, they simply leave a comment saying they will “validate the request” and that it may take time because it depends on a third party. During enrollment, there was no such dependency. But when it comes to issuing a refund, suddenly they claim they are dependent on others. Today, I called their customer service again. They did not provide any update about the refund. Instead, they repeated the same line: “Someone will call you.” It has been months, and I have neither received a callback nor my refund. I am extremely frustrated with this ongoing experience. Based on what I have gone through, I strongly advise others to be cautious and not fall for their misleading advertisements. Please do not fall into the same trap that we did.","0"
"240","Trustpilot","Abeer","Apr 17, 2026","1","Bhanzu is not initiating my refund . Everyday they call or send email and give different suggestions because it’s not a single person handling your concerns it’s a GROUP OF SCAMMERS who don’t want to do anything with your concerns. They called me today , and asked to wait for banking processing , where as they have not processed anything . They also want me to stop the negative reviews and they tried to Harass me. I need my refund by my ORIGINAL PAYMENT METHOD. I need a prove of my payment process. Parents go through all my last reviews and don’t get scammed by them. I am going through nightmare and harassment from bhanzu. Initiate refund bhanzu .","0"
"241","Trustpilot","Abeer","Apr 16, 2026","1","Bhanzu is giving me the same automated response for all the reviews , I am posting since 5 days,and I am getting the same response each time , that is we are waiting for third party to responded for refund ,where as cancellation and refund have to be from their side , and not from third party. They are emailing and forcing to continue to take sessions . Parents don’t fall for them, if you want to see there review, just see all the good to excellent reviews are INVITED , it means they made it up and the BAD REVIEWS are UNPROMPTED. You can see yourself which are genuine reviews and which are not. Also check Facebook reviews on BHANZU IS SCAM AND BANNED IN US.They are looters. They are after your money . They are fraud. Refund still not processed,","0"
"242","Trustpilot","Bharathidhasan Subramani","Apr 16, 2026","1","I had a terrible experience with Bhanzu. They are very friendly when selling the subscription, but the service afterwards is a nightmare. We’ve had constant changes in tutors and relationship managers. Most shockingly, I’ve had to raise concerns about a tutor actually sleeping during a live class. It is completely unprofessional and unsafe. On top of the poor teaching, their support team is dishonest. Stay away. This is not the quality education they promise.","0"
"243","Trustpilot","Abeer","Apr 15, 2026","1","Parents please do research before getting trapped by them , they are fraud. Check Facebook for bhanzu is scam. They are not educators but thief. Fraud fraud, scam scam.All the good reviews there are also fake, it’s not true , they will take money and ghost you . They will force to attend 30 sessions before refund and after 30 session and even before if your payment has been done they will abandon you. Big big scam beaware","0"
"244","Trustpilot","Vidhya B Pillai Parent","Updated May 16, 2026","1","My 12 years old daughter got enrolled in Bhanzu since few months.For her Maths remained a difficult subject.But since her enrollment here I see positive development.The Bhanzu teacher & also her 7th grade school Maths teacher's teachings have made her show interest in the subject mainly because slowly she is able to understand the concepts & trying to applying them.I can see this difference through her approach to the subject & the results that follow, though not very high but moving towards it.Only one thing little off the academics is that at the start there were around 6 students in my daughter's batch but in a matter of few months she is the only one attending.This kind of impacts the child's enthusiasm to learn alone without a team.Thank you.","0"
"245","Trustpilot","Saffron Adhikari","Mar 18, 2026","1","This is stupid and they scammed me for 600$ this is stupid because they over pay people for 200$-1000$ so I just wanted to say please don't apply because they scam you.","0"
"246","Trustpilot","Saeed Kherad","Updated Mar 20, 2026","1","I finally received a call from them today. They asked again for my reasons for requesting a full refund. I referred them to the explanation I provided via email. They stated they would not be issuing a refund, but were unable to explain why when asked. I have requested that they confirm this decision in writing. I will share the email with you as soon as I receive it.","0"
"247","Trustpilot","shazia bawani","Mar 16, 2026","1","They respond but they are still not replying for my amount refund which is i paid advance to them for learning math classes. And they are still trying to manipulate. I mention everything in detail but for refund amount they are getting quite .","0"
"248","Trustpilot","Harsh m","Mar 16, 2026","1","I wish there a negative score I could choose. Parents be aware of this. We have been cheated. We enrolled our 13-year-old daughter in Bhanzu’s 18-month online math program after seeing their YouTube advertisements. The program cost $1,845 and was marketed as age-appropriate, structured instruction with four one-hour classes per month. Unfortunately, the experience was very different from what was promised. Our daughter was placed in a class with much younger children, making the instruction unsuitable for her level. A significant portion of each session was spent on unrelated personal conversations rather than math instruction. In addition, the teacher frequently had internet and technical issues, and at times students could not hear or follow the lesson. The actual teaching time was far less than advertised. Before enrolling, we were told that if the class or teacher was not a good fit, Bhanzu would change the class or teacher, or allow cancellation. After experiencing these issues, we contacted Bhanzu multiple times by email and phone requesting a class change or cancellation. We were advised not to attend the current class and were told a new class and teacher would be assigned. Despite repeated follow-ups, no new class was ever provided, the course was not properly canceled, and no refund was issued. Based on our experience, the service delivered did not match what was advertised, and the promised flexibility was not honored. We recommend that parents carefully review terms and get all commitments in writing before enrolling.","0"
"249","Trustpilot","Jaz","Mar 15, 2026","1","DO NOT ENGAGE WITH THESE PEOPLE!!!!! I declined to sign up after the demo class and they have been calling me non-stop at least twice a week (sometimes more!) for the last 2 months. I have blocked numbers and they just call from other numbers. They ring as late at 9pm at night and as early as 6am!!! It’s become harassment now AND THEY WILL NOT STOP.","0"
"250","Trustpilot","Ravi Patel","Updated Apr 10, 2026","1","Big No…no…no… Waste time, energy and very difficult to get refund… They will force you to join for both math champio and math wizard course and ask u to make payment on the spot after demo, but then if you want to step back, you will have nightmare to get the refund… Teaching method… you will have to remember what they taught you to your child and make your child practice at home.. some of the methods i found it very outdated… teachers are not that much experienced handing 4 students in the batch…lot of distractions… hence, not worth it I gave one star but if this site would have allowed me to give no star, i would have given that, Again, please be mindful with it before enrolling your child 10/04/26 - still no refund, still chasing the tail and play rat race game, continue raising the ticket but no action.","0"
"251","Trustpilot","Dina Rashid","Mar 15, 2026","1","I enrolled my son in the first 6-month Bhanzu program and the experience during that period was fine. However, toward the end of the program I began receiving daily calls for weeks pushing me to sign up for Part 2\. The sales pressure was extremely persistent and difficult to decline. Eventually I agreed to enroll again but told them clearly that we needed a break before starting the next session. During that time my son decided he no longer wanted to continue learning math online, so I contacted Bhanzu to request a refund for the unused portion. Unfortunately, this is where the experience became very frustrating. For months I have been trying to resolve this, and every time I call I am told someone will get back to me. Instead, I am passed from one representative to another with no clear resolution and no one taking responsibility. It feels like I am being sent in circles. Be careful,they are not turstworthy. Don't sign up thinking you can get a refund if your kid doesn't like it.","0"
"252","Trustpilot","shazia bawani","Mar 14, 2026","1","I enrolled my daughter in online tuition classes with BHANZU after being assured of a certain standard and structure of teaching. Unfortunately, the classes delivered were not what was promised at the time of enrolment. The quality and format of the sessions did not meet the expectations that were clearly communicated before payment. Despite raising my concerns, the company insisted on full payment upfront and has refused to issue a refund, even though the service provided did not align with what was advertised. As a parent investing in my child’s education, transparency and integrity are extremely important. I am very disappointed with both the service and the way my concerns have been handled. Now i am asking for refund and no one is responding 😒","0"
"253","Trustpilot","Nawal Shah","Mar 14, 2026","1","I am very disappointed. In the beginning the demo class my daughter took and the sales person promised to give my daughter the best experience and promised for classes on time and then later once we paid the next thing we know the fist class is canceled and then following week after they promised for 2 classes a week but always cancelled 1 class now when we confronted the teacher he is blaming us they my daughter missed the class REFUND MY MONEY I DONT WANT ANYTHING WITH BHANZU ANYMORE","0"
"254","Trustpilot","AR","Mar 14, 2026","1","The heavy sales tactic is a major put off and was the initial reason we didn’t sign up. Now I know we made the right decision, as I have been receiving persistent calls and emails, I’ve had to block numbers because they were harassing me. They have also given my number to third parties as I am suddenly receiving an inordinate amount of spam calls/cold calls. Currently looking to see who I can escalate and report them to. This is not acceptable behaviour and to think they are working with children. From now on I will only consider Uk based companies or companies that undertake proper checks. Companies like these cannot be trusted. I wouldn’t be surprised if the positive reviews in here are bots .","0"
"255","Trustpilot","Jam P","Updated Mar 14, 2026","1","Many parents, including myself, have raised serious concerns regarding the platform’s refund policies, customer support, and overall transparency. These issues have caused financial and emotional distress to families who trusted the program for their children’s education Very disappointing - have been emailing calling and these people are buying time do not have any dignity and integrity to resolve this Refund. I have fulfilled my obligation by taking 30 sessions. They are keeping my $2450 refund - Beggers on street have better values than these Tech Educators.. I do not agree with this trust pilot review system . looks likeba flaw, all these 5/4 star reviews from Bhanzu own flaw reviews used by their own once. Create an option to reply, instead of sending my details i can send screenshots of their email. Bunch of scammers. Disgraced for India.","0"
"256","Trustpilot","SP","Mar 13, 2026","1","My child enrolled in Bhanzu’s English program, but the classes were inconsistent and did not meet our expectations. We requested cancellation months ago and have been following up since September 2025\. Even after completing the required number of classes as per their policy, the management continues to delay the refund with repeated “we are reviewing your request” emails. The issue has been dragged for months despite continuous follow-ups. Extremely disappointing customer support and refund handling. Parents should be cautious before committing to long programs.","0"
"257","Trustpilot","Ramalakshmi Malisetty","Mar 13, 2026","1","I personally fell for their YouTube and Instagram reels, and it was a huge mistake. After making the payment, I realized the reality is completely different. The classes are chaotic and inconsistent. Every 2 classes, there’s a break of 3–4 classes. The promised 1-hour sessions barely happen — the instructor joins late, teaches for about 20 minutes, and the remaining time is spent on assessments. Essentially, we’re paying for almost nothing. The demo session is misleading. During demos, the instructors appear well-trained, but the actual classes are taken by completely different, inexperienced instructors. These “real” instructors seem unqualified, and we have no idea what grades or standards they are following for math exams. I even requested a change of instructor because the teaching quality was far below expectations, but nothing improved. It seems many instructors themselves are still in training before being assigned to kids. Overall, this has been extremely disappointing and frustrating. Their social media promotions are false, the classes are unprofessional, and the instructors in actual sessions are not competent. Save your money and look elsewhere.","0"
"258","Trustpilot","Jn","Mar 11, 2026","1","Not impressed with Bhanzu as forcefully asked in demo class to pay for 2 year by showing website! Any way we paid for 2 year and theres is 3 child in online classes where those child constantly yelling and talking middle of teacher explanation ! Any way i reachout to bhanzu to move class than suddenly they start charging of changing class or moving class ! My child must need to attend online classes where those annoying child just keep talking and teacher even not saying word ! Think about before enrolling for 2 years ! U cant change time , classes even my child not gaining anything! There is no option that teacher cant mute annoying child or turn off camera ! And most of kids can’t constrain such a atmosphere! I would not recommend bhanzu to anyone !","0"
"259","Trustpilot","Amit kumar Sharma","Mar 10, 2026","1","They completely scammed us, taking our money without providing any services. Now, they're refusing to give us a refund. I've tried contacting them, but they're ignoring my emails. Please, don't enroll your kids with them - they're thieves.","0"
"260","Trustpilot","Abdul Rehman","Mar 9, 2026","1","Scammers!! My experience with this company was extremely disappointing. Initially, the staff were very friendly and helpful, but this quickly changed once payment had been taken. My child was booked onto a course before the class timings were properly confirmed with me (don't fall for their pressure sales). When we later tried to agree on suitable times, we were unable to find a schedule that worked for both sides on the days that were available to us. I therefore explained that unfortunately we could not proceed and politely requested a refund. This request was refused. Instead, I received repeated phone calls trying to persuade me to accept class timings that simply did not work for us. What made the situation worse was that I was told a refund could not be issued because “no classes had been taken yet,” which made little sense given that the issue was precisely that we could not agree on a schedule in the first place. It appeared they intended to charge for the full block of classes regardless of whether attendance was possible. I ultimately had to raise the matter with my bank to recover my payment. The refund was processed through my bank with no dispute from the company, which speaks for itself. After the refund had been completed and their appeal window had expired, the company then emailed claiming that they had issued the refund themselves (hahaha). This was not accurate. The refund was obtained through my bank after they had refused my initial request. Overall, this was a very frustrating experience and I would advise others to proceed with caution. If you encounter similar issues regarding refunds, you are best to escalate the matter through your bank to resolve it.","0"
"261","Trustpilot","Shashank Visweswara","Mar 8, 2026","1","If I could give negative stars, I would. This company is an absolute, irredeemable black hole for your money and your child’s mental health. DO NOT engage with them under any circumstances. They operate on pure bait-and-switch tactics. Their slimy sales reps outright lied to our faces, explicitly promising us the flexibility to sign up for a longer track but cancel absolutely anytime after the 30-class core module if it wasn't a good fit. Total garbage. The actual experience was nothing short of a nightmare. The ""teacher"" they assigned was shockingly incompetent, barely articulate, and downright cruel. Instead of teaching, they openly berated and humiliated the students. My child left their screen sobbing in tears on multiple occasions. When we desperately pleaded with their support team to switch teachers or move classes to protect our kid, we were completely ignored and coldly brushed off. To add insult to injury, they didn't even bother covering the actual curriculum we paid for within those 30 classes. When we finally demanded to cancel this trainwreck, they suddenly changed the rules and held us hostage, claiming we could only cancel after the 30 classes were fully completed. We gritted our teeth and did exactly that, but now these absolute thieves are illegally withholding two additional payments and flat-out refusing to issue our rightful refund. This isn't an educational business; it's a predatory fraud ring run by heartless scammers, staffed by abusive, unqualified ""teachers,"" and backed by a pathetic excuse for customer support. Avoid them like the plague. Save your money and protect your kids.","0"
"262","Trustpilot","Anie","Updated Mar 7, 2026","1","We have raised concerns multiple times, and despite changing two teachers, my son has been unhappy with the 1st class and asked for refund. But informed that that when they 20 lessons will do the refund. so i cancelled the 19 lesson s even before 24hrs and agin asked for refund. contacted the customer service many times but no reply or refund.Its money scam and please people fall in to this. i just wanted the refung if not going to complain to the legal team.","0"
"263","Trustpilot","Shamsay Alam","Mar 5, 2026","1","It was good experience, my child is already doing classes in your online coaching","0"
"264","Trustpilot","sunil Kumar Mothukuri","Mar 5, 2026","1","We have raised concerns multiple times, and despite changing two teachers, my daughter has consistently been unhappy with the classes. She has repeatedly said she does not want to continue with Bhanzu because the sessions have not met her expectations. For the past month, I have contacted your support team several times requesting a refund, but every time I receive the same repeated assurances about arranging new classes or new batches. This has been extremely frustrating, and it feels like our concerns are not being understood. At this point, we do not wish to continue with any further classes or batch changes. Given the repeated issues and the lack of improvement, I am requesting a full refund for the remaining sessions. Please process the refund at the earliest and confirm the timeline. I did not expect this level of service or customer support, and the ongoing delays have been very disappointing.","0"
"265","Trustpilot","nensi jain","Mar 4, 2026","1","My experience with Bhanzu has been extremely frustrating. I enrolled both of my children and later requested a refund within the allowed period. It has now been nearly three months, and I’m still waiting. Every time I reach out, I’m told the refund is “in process,” but nothing ever happens. This lack of transparency and accountability has made me lose trust in the company. I hope they resolve my case, but based on my experience, I would urge other parents to think carefully before signing up.","0"
"266","Trustpilot","Ann K","Mar 2, 2026","1","I enrolled my daughter in online tuition classes with BHANZU after being assured of a certain standard and structure of teaching. Unfortunately, the classes delivered were not what was promised at the time of enrolment. The quality and format of the sessions did not meet the expectations that were clearly communicated before payment. Despite raising my concerns, the company insisted on full payment upfront and has refused to issue a refund, even though the service provided did not align with what was advertised. As a parent investing in my child’s education, transparency and integrity are extremely important. I am very disappointed with both the service and the way my concerns have been handled. I would advise other parents to carefully review all terms and request written confirmation of what is being promised before making payment.","0"
"267","Trustpilot","Sean","Mar 2, 2026","1","Do not commit to any payment during the free demo. The agent will try their best to talk all sweets and sugars and make you believe that you are getting wonderful discount which they name as scholarship to make you feel like you achieved something but…. NO, do not make payment upfront. It’s a trap to get your money and then it’s only going to be a nightmare for your family. Ask them to confirm who the tutor is going to be and the class timings first then do monthly payments ONLY. Without this info do not commit for their classes. It’s going to be hell with these guys. There are several several parents struggling to get their money back as many felt disappointed with their teaching style. Don’t put your child into this mess. Find someone that can customize to your kids needs rather than rubbing bs forcefully on them.","0"
"268","Trustpilot","Kanwal Gill","Mar 1, 2026","1","Very poor customer service, after get the money they don't care","0"
"269","Trustpilot","Mandip Singh","Updated Mar 9, 2026","1","I purchased a year of this program for my child. Teacher wouldn’t show up and would tell head office that I wasn’t logged in, when I was. Teacher lacked interested in teaching my child. Requested change, didn’t happen. Requested pause after I experienced medical trauma that placed me in hospital. Requested reinstatement.. no follow up was done to tell me classes were reinstated or what day and time they would take place and with whom. Attempted to connect again, was advised that classes were never paused and all classes have been completed and it’s basically my problem. Requested to escalate call several times and was told no one can help me, no one will help me, and that I’m basically SOL by a representative that antagonized me throughout my requests. Terrible. A full year payment and no satisfactory service rendered. UPDATE: since Feb 26/2026 I have received no solution. It is now March 8 and I receive a call to advised me I have credits that have now expired. This is the first time I am hearing about credits. Side note: I continue to receive sales calls for Bhanzu.","0"
"270","Trustpilot","Merrit Samuel","Feb 26, 2026","1","Worst experience ever. This organization seems focused only on collecting money. Once payment is made, customer service becomes unavailable. They group children from different academic standards together, and the teachers appear least concerned. They simply rush to cover the syllabus, mainly focusing on the older child in the group, while the other children are left behind. There is no proper attention given to whether all students are understanding or even regularly attending. I have provided feedback and requested a refund multiple times. Even after a couple of months, a different customer service representative calls asking for feedback again, as if none of the earlier complaints were recorded. It is very unclear how they operate. Overall, this has been a complete waste of money and time.","0"
"271","Trustpilot","saree world","Updated Feb 26, 2026","1","Please Read: You kept saying that resolving my refund is based on 3rd party dependency... can I know who that party is? My family needs the funds urgently and all I am asking is my money back. This is serious situation, kindly understand! @bhanzu, you mentioned under my review that my case will get looked into. Other than having a ticket number email, nothing has been done so far. After I enrolled, I have cancelled within hours and still you guys are refusing to refund my money back. Why are you doing all this?? When no paid service has started at all, why are you keeping our money and now refusing to refund. What kind of a rule is this? We haven't started any classes at all, please kindly refund my money back. I am repeating again and again, I requested to cancel the enrollment within 24hours of payment and no classes or onboarding has started, please kindly refund my money back. It is a huge amount and causing unnecessary distress in my family. We need our refund urgently!","0"
"272","Trustpilot","Shashank Visweswara","Feb 25, 2026","1","Absolute shithole company. Do not engage with them. The Sales person sold us that we could sign up for a longer course but cancel anytime if we didn't like it and just finish the core modules of 30 classes. From the get go it was horrible, the teacher assigned couldn't even speak properly, berated the kids - my kid walked away from class in tears more than once. Asking them to change teachers or class weren't entertained. They never completed the course content for 30 classes and on asking to cancel the course they NOW said that they can only cancel after 30 classes which we did. However they are now refusing to refund 2 additional payments. Avoid them like the plague, its a fraud company with shitty teachers and even more horrible support team.","0"
"273","Trustpilot","Jatin Shyamlaal Haryaani","Feb 22, 2026","1","I enrolled my daughter for maths and English class. The English class was still fine but with the maths class, we had lot of issues. First when I took the trails class for maths I was not happy, later on they did a trial with another teacher, she was good so I agreed and paid the fees, with a condition that the same teacher should teach her, they agreed. But when the classes started there was another teacher, I contacted the sales team, they mentioned the new teacher is just to teach the speed maths for 3 months and then you will have the trial class teacher. Till today we have not got that teacher, we have changed around 4 teachers now but still not happy with the teachers quality or teaching skill. On the speed maths, which they claim I s there speciality, actually ended up slowing my daughters speed, because I think, they either they don’t train kids properly or it’s difficult to adopt to a new calculation technique after a certain age, either ways it’s of no use to us and this was the complain of other parents in the parent teachers meetings, not a single parent was happy with Bhanzu. After like 4 months of complaining we requested for the refund for just the maths class, they just kept delaying it one reason or another like changing the teacher after the second teacher we stopped the clsses and we were fighting for the refund. They they came out with the brilliant idea of having done 80% of the class to claim refund and we were at 75% that too because we halted the class. We still today are fighting for the refund but it’s of no use. Bhanzu is a sub par tutorials and is a very mediocre one, don’t waisted your money and more importantly your kids time, it’s more precious.","0"
"274","Trustpilot","saree world","Updated Feb 22, 2026","1","@bhanzu, I am ready to share all the screenshots of payment, me requesting to cancel within hours of enrollment and before any services have begun, literally within 24hours. Kindly refund my money back!!! I am writing this again to let others know that though Bhanzu team here comments under every 1 star feedback saying they will contact us and that they will resolve but... they are lying. I have all emails and whatsapp communication with this team but they are falsely claiming that they didn't find any details of me as registered into their system. I wish there is a way to upload all my screenshots here so other parents know Bhanzu is just after your money and NO REFUNDS and PURE SCAM... We enrolled and within hours before any service has started, no tutors were appointed, no schedule was set, I asked the agent to cancel and refund my amount but they stopped responding to my cancel/refund request, and HARASSED me with emails and phone calls to schedule, and then claiming that all these emails and phone calls are part of their sevice and that they won't refund me anymore. Their pure intention is ONLY TO STEAL YOUR MONEY. Unfortunately I have heard there are several innocent parents who got trapped with their stupid free demo and then forced to pay making them believe that they are getting some kind of a deal if paid immediately. This is wrong on so many levels. When no service has started and we requested to refund within hours, why are you being so stubborn about trying to get us onboard when we clearly told we are not interested and why are you sticking with our hard earned money, what kind of a system is this??? KINDLY REFUND MY MONEY BACK IMMEDIATELY... I will keep fighting for it. It's hard earned money my kids deserve the best not cunning institute!. I will also look into legal action along with all those parents that are in the same boat as me. If you are such parent that got trapped like me, feel free to message me. Let's get the light on this fraudsters.","0"
"275","Trustpilot","Nagendra Nalla","Feb 19, 2026","1","they have faulty enrolling model which is fraud and they will force you to enroll, Deena is the one who forced us to join after money is received she will rarely respond, they speak something and once fees paid, they offer changes as it is verbal communication no written details are provided prior enrollment, after several reminders in sending details of discussion the real color comes out, they is some value with their classes with their fraudulent practices even that value will be invisible, people enrolling please be vigilant to know your complete offer or you will be fooled, they are one good team to fool you several times not once, every has one agenda money","0"
"276","Trustpilot","cant say","Updated Feb 19, 2026","1","Dear Parents, Bhanzu is big scam, dont go with them I took demo class to my daughter with Bhanzu, after finishing demo class the sales guy XXX.. joined in same call and requested to join the classes and pay money, he spent almost 2 hrs with us and forced us to pay money at the same time, we asked to give some time to decide and he told he can not give time if he disconnect the call the price will change, these people are forcing people to pay money at the time by giving very little discount and cheating us.. Then we paid $1600 at the same time and he told when ever we have any problems call to him so that he will resolve, the time came to join the real class and my daughter joined in the meeting and no one joined, she waited for 30mnts and still teacher not joined so i meesaged the huy Uday and he dint replied, then i messaged to automated message no and we got replied teacher is not attending the class because of some emergency leave, there is no information until we message, and its been 2 moths we keep on messaging him and calling him no reply We decided because of no reply and not good service we dont want to continue and we requested for refund, we called to customer service, person name called Sharath spoke with us we explained everything and he clearly told this is Bhanzu mistake sorry for that and he will provide refund, and he told he will come back in 2 days with solution but again no reply from him as well, and we called back again after 4 days then he told he is checking with management everytime its been 2 months now they are saying she needs to attned 80% classes as per policy and they will providde refund, when we dont like their service and when we dont attend single class what is this policy, they clearly mentioned once we started attending clases and we dont like we have to attend 80% of the classes, but when we don't attend any single class and asked for refund why yhis guys are forcing us to attened the classes for 80% and they will provide refund, after attending 80% classes how come they will provide refund And now we said even if you provide free classes also we dont attend and no reply from them Guys dont believe them these people are cheaters, until we pay money they will force us to pay money and once we paid no proper responce, we are planning to go legally","0"
"277","Trustpilot","saree world","Updated Feb 20, 2026","1","Update: Bhanzu, I emailed you from my registered account and you are saying you couldn't find any details of it. I can share all the screenshots of the communication where required. Is this your new tactics? Dear parents, beware of Bhanzu scam! Hello all diligent parents. I feel compelled to advise fellow parents and individuals seeking premium educational opportunities for their children to exercise caution when interacting with Bhanzu, as its actions appear to be indicative of a fraud. They have pressured me to pay during the free demo class, and I went with the pressure and within hours of payment before any onboarding has started, I requested the agent to cancel my enrollment and to kindly refund as no paid services has started yet. They ignored my message and started sending me automated welcome emails and phone calls about onboarding. They didn't care a word about my cancellation request. . Consequently, I have also discovered that I am not the only parent who has been taken advantage of by Bhanzu, as there are other parents who have had similar experiences. All saying Bhanzu promised about refund if their classes are not satisfactory but kept ignoring their request. And there are several cases like this posted on social media, where innocent parents were forced to pay and then communication disappears from Bhanzu. I have decided to escalate this matter by filing a formal complaint with both my lawyer and the Better Business Bureau. It is essential to exercise caution when dealing with Bhanzu, as it exhibits characteristics consistent with a fraud when it comes to refunds. Furthermore, I have observed that Bhanzu consistently deletes complaint messages from their comments section, thereby preventing customers from viewing them. Therefore, I strongly advise individuals to exercise caution before providing Bhanzu with any financial information good luck!!! Once they get your money, they don't care about you at all.","0"
"278","Trustpilot","Ramakrishna","Feb 18, 2026","1","Very Poor Experience – Misleading Commitments and Refund Refusal Our experience with Bhanzu has been extremely disappointing and concerning. Before enrolling our son, we clearly communicated specific requirements and were assured multiple times that they would be accommodated. Those assurances were the only reason we proceeded with full payment. Once the payment was completed, the course format and commitments suddenly changed. This was never disclosed beforehand. Had we been told the actual structure, we would not have enrolled. Since raising our concerns, the communication has been unprofessional and unclear. There is no proper escalation process or accountable customer support. Most concerning of all, they are refusing to process a refund while also not delivering what was originally promised. This experience feels misleading and unfair. We relied on their representatives’ commitments in good faith, and that trust has been broken. We strongly urge parents to exercise extreme caution. Ensure every commitment is documented clearly in writing before making payment. If this matter is not resolved appropriately, we will have no choice but to escalate it through formal consumer protection channels. Very disappointed with the lack of transparency and accountability.","0"
"279","Trustpilot","Sudha","Feb 17, 2026","1","We are highly dissatisfied with the syllabus and overall course quality. Despite raising multiple refund requests, there team is refusing to process our refund there customer care executive Shivam clearly stated on call that we will NOT receive any refund even if we are not satisfied with the course. This is extremely unprofessional and unethical. Please don’t trust them and loose your money They should be banned in providing education in USA","0"
"280","Trustpilot","Haha","Feb 15, 2026","1","waste of time and money, bunch of scammers and a team to lead them.","0"
"281","Trustpilot","Ayça Dederke","Feb 14, 2026","1","Our son just left the webinar very disappointed and frustrated. The teacher asked all the kids except for him during the quiz, his name was not even mentioned a single time although he attended the entire webinar. He was muted the entire session, host did not allow unmuting while all other kids were able to speak and participate. During 5 minutes of the webinar the teacher was not visible anymore but the screen only showed another kid in full screen, we had to leave the session and join again","0"
"282","Trustpilot","savita patil","Feb 13, 2026","1","This has been one of the worst experiences I’ve had with any educational company. They took the full payment for my daughter’s classes at the beginning. When we needed to cancel, they completely stopped being responsive. For the last month, I have been calling them every single day. Each time, they promise, “We will get back to you.” But nobody ever does. No clear communication. No refund update. No accountability. It is extremely stressful and disappointing as a parent to go through this. I would strongly advise parents to think carefully before enrolling.","0"
"283","Trustpilot","PR V","Jan 9, 2026","1","BHANZU is a SCAM, they don't refund money as promised if we cancel the classes, I called them 4 times in 20 days, they have a scripted and same answer every time I call - "" the accounts team just logged out and we will call you in 24 hrs and they never gave call back and there is no way to contact them, except one customer care number. ITS A BIG SCAM, STAY AWAY FROM THIS AND HOPE THIS GETS EXPOSED ON ALL PLATFORMS AND NO ONE SHOULD ENROLL AND SAVE MONEY.","0"
"284","Trustpilot","psx","Jan 2, 2026","1","No teacher coming to lessons. No returns. Waiting three years for the refund. Keep calling me once every three months… Too much problems to even talk about, Bhanzu is a dodgy math tutoring websites which targets innocent parents.","0"
"285","Trustpilot","Brain Bites","Dec 30, 2025","1","Bhanzu is a major scam. They lure people into buying their packages by promising make-up sessions if a child can’t attend, or a refund if the service is unsatisfactory. Neither of these promises were honored. I requested make-up classes multiple times, and the organization refused. They are also not refunding the money. Their behavior is completely unethical and misleading. I strongly warn others to stay away from this organization.","0"
"286","Trustpilot","Surendarkumar Amduri","Dec 29, 2025","1","I would like to share my experience with Bhanzu, which has been deeply disappointing and has left me feeling misled. I enrolled my daughter in the program with the expectation of receiving quality education, based on the advertisements and promotions widely circulated across multiple platforms. However, within just one month of enrollment, three different teachers were assigned to my child without any prior notice. The constant changes in teaching methods disrupted her learning process and ultimately caused her to lose interest in the program. In May 2025, I formally requested a cancellation of the enrollment. Since then, I have been following up repeatedly, but there has been no progress or resolution from Bhanzu. This lack of responsiveness has been extremely frustrating. I strongly urge parents to carefully review feedback and experiences before enrolling their children. I also advise against paying the full amount upfront, as once the payment is made, refunds appear to be nearly impossible to obtain. At present, I am seeking legal advice on how best to proceed with this matter. Through my research, I have discovered that many other parents have faced similar issues, suggesting a broader pattern of misconduct that deserves serious attention.","0"
"287","Trustpilot","Kiyaan","Dec 29, 2025","1","Misleading commitments and poor service. Bhanzu’s executive assured a refund after the lock-in period, but despite completing the required classes and informing them in advance, the refund was not processed. Quality of classes was also disappointing. Very unprofessional handling.","0"
"288","Trustpilot","Tavaril Edir","Dec 28, 2025","1","Regarding the pricing of the Math Star program, in India, the programs offered through Bhanzu Online Learning range from INR ₹10,000 to INR ₹40,000, which translates to approximately AU$167 to AU$668 in Australia. Since the online training is available in both India and Australia, I have concerns about trusting the current pricing structure. It appears that Bhanzu may increase prices or ask for more money when customers are from different countries such as Australia, Canada, or the USA.Therefore, I advise all parents to exercise caution when registering their children for this program and to carefully review any feedback or reviews about Bhanzu.","0"
"289","Trustpilot","Praveen Matsa","Dec 28, 2025","1","I’m not sure why I’m giving this a star at all. I joined Bhanzu with my daughter after their marketing and demo impressed us, and we were excited to start. We weren’t given any training on using the portal for scheduling, which was a minor issue. I was very focused on finding a good, experienced teacher, something they had promised from the start. My daughter was selected for a school role play, which conflicted with Bhanzu’s class times. I explained the situation, and they threatened to charge $190 for a schedule change—unbelievable. After several discussions, they agreed to reschedule for different times, but they spoke as if doing us a favor. They were not flexible about timing, and their policy seemed rigid: classes could only be scheduled at 30-minute increments past the hour. My daughter already has a full schedule with other activities, and Bhanzu’s rigidity didn’t help. Two months in, a new teacher was assigned, but in just a couple of classes, I didn’t see any new or engaging material. We decided not to waste more time and sent an email stating we weren’t interested. They kept sending invites even though we didn’t attend, and the “torture” began—the same conversations about policies, repeatedly saying we must attend at least 80 sessions before a refund, and so on. Since then, there have been numerous calls from many different representatives, all with no resolution. My money is still tied up with them, and there has been no action on my case as of today. They neither returned the money nor provided a solution. They repeatedly request feedback from different people with no progress. Bottom line: avoid this company. Their refund policy and lack of flexibility make it a poor experience for families with tight schedules.","0"
"290","Trustpilot","Ann Kilili","Dec 27, 2025","1","I registered for the classes, but they did not meet the expected standard. I requested a refund and was repeatedly referred between customer service representatives. Despite paying a substantial deposit, I have not received my refund.","0"
"291","Trustpilot","Sim Md","Dec 25, 2025","1","Don’t fall into their trap. Like many parents, we wanted our child to improve his math skills. Bhanzu lures you in with big promises and confident claims about making your kid “math-strong” and aligning with international curricula. None of that is true. Our son got bored after about 30 sessions. There was zero engagement, zero excitement, and absolutely no visible improvement. We forced him to continue until around 50 sessions, hoping it would get better. It didn’t. It only got worse. And forget about refunds. Once they have your money, that’s it. No flexibility, no accountability - just excuses. This is a money-hungry operation that cares more about locking parents into contracts than actually helping kids learn. The teaching quality is poor. The instructors follow a low-effort, Indian coaching-center style that does not match U.S. or non-Indian school curricula in any way, despite what they confidently claim during sales calls. They simply repeat scripted methods with no customization or understanding of how kids outside the Indian education system learn. At this point, we’ve made peace with the fact that the money is gone. We consider it money given to charity. This “organization” will go down as one of the worst money-mongers we’ve ever encountered. All hype, no substance. Save your money. Save your child’s time. Stay away.","0"
"292","Trustpilot","Ak","Dec 23, 2025","1","If BHANZU don't refund your money back then contact your bank and file a dispute. Provide them all the evidence like email , chat, invoice etc., The bank will refund you 100% of your money. I got the money from the bank within few weeks.","0"
"293","Trustpilot","Hriya Sen","Dec 22, 2025","1","I had taken a demo class for my 5th grader. We also had another briefing session with one of their consultants. Post that, we found multiple negative reviews of various platforms for Bhanzu and hence decided not to proceed with it. Eversince then till date (4 months already) we have been getting calls from various staffs of Bhanzu asking why we do not want to proceed. We are sick of explaining, they keep pushing us, they keep testing our patience.. today I again received a call from a lady (she said she heads something in Bhanzu, I forgot) I kept telling her I do not want to have any conversation about Bhanzu as we do not want to proceed and we have said this a million times to many of her staffs. She kept of justifying those negative comments which are present in various platforms. I told her to take my number off as I do not want to have these conversations every week with them. She straight away denied to take my number off saying ‘No I cannot’. I told her I would be forced to write my experience and share feedback if they keep calling us inspite of denying their service so many times, she very conveniently told me to ‘Go right ahead’. WoW!!! No business ethics, no respect of people’s choice. Even after not raking their service very bad experience!!!","0"
"294","Trustpilot","priya mahathi","Dec 20, 2025","1","Worst curriculum and over priced. My son attended for one in his fourth grade and they didn’t even properly taught about division for 4th grade.","0"
"295","Trustpilot","Raju Pajni","Updated Dec 19, 2025","1","Iam not happy with the Bhanzu team and tutor group .I enrolled my chlid for math classes on sep ,After attending 8 to 9 session it was clear teacher quality were unsatisfactory. At the time of enrollment, they had clearly told that refund would be available after 30 session .It has been one month and the refund is still pending. He is not even saying right now whether he will refund the money.customer service has been unhelpful .I would strongly advice parents not to enrolling their children in these classes.","0"
"296","Trustpilot","Prabhu","Dec 17, 2025","1","I enrolled my child for English classes on Aug 2024, but the classes were assigned only on Jan 2025, showing extremely poor communication and management. After attending a few sessions, it was clear the curriculum and teaching quality were unsatisfactory. Even other parents raised concerns during live sessions. At enrollment, we were clearly told that a refund would be available after 20 classes. Based on this assurance, we proceeded. However, since March 2025, I have been repeatedly following up for a refund with no resolution. Customer service has been frustrating and unaccountable. Each escalation results in new, previously undisclosed conditions. In my latest conversation, I was told my child must attend 69 out of 100 classes just to discuss a refund. Representatives claim they have no authority and no managers available, leading to endless, pointless conversations. It is unacceptable to force customers to continue classes they are unhappy with, especially after making false promises during enrollment. The refund process is misleading, non-transparent, and seemingly designed to delay and frustrate customers. I strongly advise parents to be cautious before enrolling.","0"
"297","Trustpilot","Jitesh Maheshwari","Dec 17, 2025","1","We enrolled our child with Bhanzu during the trial period, but had to discontinue within a short time due to frequent teacher changes, which affected consistency and learning quality. We were assured that a refund would be processed, however, it has now been over 6 months, and the refund is still pending. Despite sending multiple follow-up emails, there has been no response from the support team. What is disappointing is the contrast in behavior—during enrollment, follow-ups were frequent, but once it came to processing a refund, communication completely stopped. This reflects poorly on Bhanzu’s customer support and accountability. I hope Bhanzu takes feedback like this seriously and improves its post-enrollment support, especially around refunds and customer communication.","0"
"298","Trustpilot","mohammed siddique","Dec 16, 2025","1","Our experience with Bhanzu Math has been extremely disappointing. We decided to cancel our daughter’s classes due to poor teaching quality and a lack of meaningful engagement from the instructors. Unfortunately, the cancellation process has been unnecessarily painful and frustrating. Customer service has been unresponsive and unhelpful. Despite repeated follow-ups, we have been promised a refund for over a month, and it still has not been processed. The lack of accountability and professionalism is concerning. Based on our experience, I would strongly advise parents to think twice before enrolling their children in these classes","0"
"299","Trustpilot","Stu Cuts","Updated Dec 19, 2025","1","Trying to educate your child to online meeting etiquette is challenge one. Then they’re to learn the charm of online classes. To top it off it takes time for the teacher to manage this group, it takes time but after six months it was working. Until all of a sudden the teacher vanished and the group kids still ask where is our first teacher or when is our teacher coming back? This new one is now having to learn how to manage this group again. They’re kids they need to be handled. If you’re going to change teachers and lack the respect or courtesy to advise before hand at least make them watch the classes and the PTM sessions where the last teacher was coached on how to handle the group to keep them engaged and enjoying it. Becoming a waste money. Will tell why on the next post. Was asked for more info from Bhanzu to address the issue. Simply Bhanzu, confirm or deny if you change teachers without prior notice which is disruptive to learning and teaching⁉️⁉️ Yes or No","0"
"300","Trustpilot","Archie","Updated Jan 16, 2026","1","Final update : The escalation team has been able to find a resolution to the problem. I would like to appreciate all the help I received from escalation team. But dont be fooled, the company still deserves a single⭐️ just because incant go lower than this. Stay away from them. 🚫 Three Months of Pain, Zero Resolution Despite adhering to every single condition and requirement set by the platform, I have spent the last three months in a cycle of writing endless emails with zero luck in achieving a resolution to my initial issues. The customer support and administrative processes are non-existent or deliberately obstructive. This is not a reputable education provider; it is a scheme designed to trap your money and your time. 💸 The Refund Scam: Hidden Fees and Forced Accounts After months of relentless effort, when the company finally conceded to a refund, they introduced new, deceitful tactics to claw back money: Unaccounted Charges: They retroactively added charges for ""unaccounted classes"" that were never legitimately taken or billed for, effectively reducing the agreed-upon refund amount. This is a blatant attempt to grab more money from a frustrated customer. Forced Payment Methods: Despite the original transaction being charged in AUD (Australian Dollars), they insisted that the refund could only be processed via a PayPal account or an Indian bank account number. This is an absurd and highly suspicious requirement that adds unnecessary complexity and currency conversion risks for international customers. 🛑 My Strongest Advice: Avoid Enrollment If you are a parent looking for a quality online education platform, I can assure you that there are many other, more reputable platforms available. Do NOT enroll your kids here. The stress and hassle this company causes is not worth any perceived educational benefit. Trial Strategy: If you absolutely must proceed, against my advice, go for the smallest possible package for a short trial period. Treat it as a cheap way to gauge your child's engagement and, more importantly, the platform's administrative reliability.","0"
"301","Trustpilot","Surendarkumar Amduri","Dec 15, 2025","1","I would like to share my experience with Bhanzu, which has been deeply disappointing and has left me feeling misled. I enrolled my daughter in the program with the expectation of receiving quality education, based on the advertisements and promotions widely circulated across multiple platforms. However, within just one month of enrollment, three different teachers were assigned to my child without any prior notice. The constant changes in teaching methods disrupted her learning process and ultimately caused her to lose interest in the program. In May 2025, I formally requested a cancellation of the enrollment. Since then, I have been following up repeatedly, but there has been no progress or resolution from Bhanzu. This lack of responsiveness has been extremely frustrating. I strongly urge parents to carefully review feedback and experiences before enrolling their children. I also advise against paying the full amount upfront, as once the payment is made, refunds appear to be nearly impossible to obtain. At present, I am seeking legal advice on how best to proceed with this matter. Through my research, I have discovered that many other parents have faced similar issues, suggesting a broader pattern of misconduct that deserves serious attention.","0"
"302","Trustpilot","Nitin Kumar patel","Updated Dec 15, 2025","1","They keep calling me and threatening to remove person name and his mobile no. So that’s why m removed it!! Our experience with Bhanzu has been incredibly disappointing. When I booked free demo the guy who called me his name & mobile no. (XXX \+91 XXXXXXX) and he said if any problem in the future please call me don't hesitate, 8 year old my daughter started Bhanzu classes, I paid £1350 in MAY 2025 and session started from JUN but after 20 sessions she decide did not want to continue the classes anymore. Then I called to XXX about cancellation, he said you need to drop email to bhanzu help & you received ticket no. Which you copy to me then I will refund your money after that he didn't pick my call just send me a message ....will update you ...and he said don't call me again otherwise I can't help you & block your no. all communication from Bhanzu stopped, and repeated attempts to reach them went unanswered. Still I am suffering for refund !! Date 12/12/25 I posted a review and they called me straight away and advised me that Please delete it and I will give you back the money."" I said, ""First give me back the money and confirmation email to me then I will delete it ."" Then they said, I will give you a confirmation email."" we kindly request you to provide us with either your registered PayPal ID or your Indian bank details, why I provide different account details, have to refund on same account which I made the original payment but they advice me you want refund or not if yes then provide what we said, how can I provide Indian bank details even I am not living in India, then I called to PayPal to explain my case and they said this not right way to refund it !! 15/12/25 Replay your comment… Why I used abusive language toward your team members ..ask him first …he said don’t call me again, I am not help you and he never answer to my call just text me …. Always busy ….Before cancellation process he pick up my call now he not … we are working parents I know the value of money, paid £1350 to fraud Bhanzu !! If I don’t receive refund form you , I can used any language toward your team members !! Put you are in my place then what you think !! About this fraud BHANZU !!","0"
